user_id,activity_id,predicted_rating
1,662,4.992665036674817
1,975,4.992665036674817
1,633,4.971831696270415
1,778,4.954786240135775
1,567,4.909331703341484
1,700,4.909331703341484
1,854,4.909331703341484
1,540,4.909331689199348
1,554,4.888498370008151
1,634,4.888498370008151
2,567,4.963879870129871
2,700,4.963879870129871
2,829,4.963879870129871
2,854,4.963879870129871
2,554,4.943046536796537
2,634,4.943046536796537
2,858,4.943046536796537
2,654,4.93887987012987
2,981,4.93887987012987
2,527,4.936102092352092
3,854,4.766155972934095
3,858,4.7453226396007615
3,807,4.734905972934095
3,934,4.734905972934095
3,819,4.724489306267428
3,696,4.716155972934095
3,737,4.710600417378539
3,841,4.710600417378539
3,532,4.703655972934095
3,559,4.703655972934095
4,829,4.8709057024084075
4,700,4.870899669621377
4,634,4.860834279462239
4,780,4.853889835017795
4,657,4.843127924630631
4,527,4.8431218918436
4,571,4.8431218918436
4,609,4.8431218918436
4,620,4.8396557024084075
4,686,4.8396557024084075
5,700,4.863524555022865
5,854,4.852512457801389
5,527,4.835746777245087
5,571,4.835746777245087
5,609,4.835746777245087
5,634,4.831693966492913
5,554,4.831686512284694
5,858,4.831679124468055
5,981,4.827519845618027
5,780,4.824749522048468
6,634,4.846638160519159
6,780,4.839693716074715
6,993,4.8174714938524925
6,651,4.811915938296936
6,677,4.811915938296936
6,801,4.811915938296936
6,557,4.804971493852492
6,793,4.804971493852492
6,797,4.804971493852492
6,802,4.804971493852492
7,812,4.726464648755257
7,854,4.660465372476237
7,554,4.659722851747181
7,981,4.655556185080514
7,590,4.652778407302737
7,592,4.649306185080514
7,567,4.643131320421924
7,700,4.643131320421924
7,858,4.639632039142904
7,758,4.630556185080514
8,567,4.9438775510204085
8,700,4.9438775510204085
8,829,4.9438775510204085
8,854,4.9438775510204085
8,554,4.923044217687075
8,634,4.923044217687075
8,858,4.923044217687075
8,654,4.918877551020408
8,981,4.918877551020408
8,527,4.916099773242631
9,829,4.852627104585933
9,657,4.824849326808154
9,686,4.821377104585933
9,681,4.802627104585932
9,823,4.7970715490303775
9,676,4.790127104585933
9,921,4.790127104585933
9,799,4.7844452864041145
9,856,4.7844452864041145
9,653,4.777627104585933
10,747,4.8234330700070736
10,711,4.821539130613134
10,855,4.813016403340407
10,814,4.798811857885861
10,526,4.788710847784851
10,935,4.781766403340407
10,657,4.770497775962514
10,809,4.769266403340406
10,620,4.767025553740291
10,686,4.767025553740291
11,700,4.844604792167335
11,527,4.816827014389556
11,571,4.816827014389556
11,609,4.816827014389556
11,747,4.807982864466863
11,711,4.806088925072924
11,649,4.802938125500668
11,619,4.799150246712789
11,855,4.797566197800197
11,556,4.7890492366117785
12,747,4.842440052230396
12,711,4.840546112836456
12,855,4.83202338556373
12,814,4.817818840109184
12,935,4.80077338556373
12,809,4.788273385563729
12,512,4.779940052230396
12,573,4.779940052230396
12,691,4.779940052230396
12,727,4.779940052230396
13,854,4.601204955352725
13,747,4.589125013039224
13,554,4.589120981254281
13,711,4.587231073645285
13,981,4.584954314587614
13,590,4.582176536809836
13,592,4.578704314587614
13,700,4.577671532189431
13,807,4.569954955352725
13,934,4.569954955352725
14,700,4.908967919508562
14,829,4.902141788811126
14,554,4.881293463388277
14,527,4.881190141730785
14,571,4.881190141730785
14,609,4.881190141730785
14,981,4.87712679672161
14,657,4.874364011033348
14,590,4.874349018943834
14,620,4.870891788811126
15,854,4.784985922224532
15,807,4.753735922224532
15,934,4.753735922224532
15,819,4.743319255557866
15,696,4.734985922224532
15,737,4.729430366668977
15,841,4.729430366668977
15,532,4.722485922224532
15,559,4.722485922224532
15,575,4.722485922224532
16,567,4.79366793726555
16,507,4.780772236363919
16,654,4.768667937265551
16,944,4.748213391811005
16,745,4.743667937265551
16,682,4.738112381709994
16,541,4.73116793726555
16,545,4.73116793726555
16,806,4.725486119083732
16,528,4.7186679372655504
17,973,4.82188401468603
17,614,4.817428246228839
17,747,4.7677798762310175
17,711,4.765885936837078
17,855,4.75736320956435
17,567,4.754928253299906
17,814,4.743158664109805
17,526,4.733057654008794
17,654,4.7299282532999065
17,935,4.72611320956435
18,700,4.7931731763758805
18,747,4.77237193003457
18,554,4.772355722459448
18,711,4.7704779906406305
18,981,4.7681890557927815
18,590,4.765411278015003
18,527,4.765395398598102
18,571,4.765395398598102
18,855,4.761955263367903
18,592,4.76193905579278
19,634,4.844357522094627
19,780,4.837413077650182
19,761,4.831456664594372
19,993,4.81519085542796
19,651,4.809635299872404
19,677,4.809635299872404
19,801,4.809635299872404
19,854,4.803678897423195
19,557,4.80269085542796
19,793,4.80269085542796
20,655,4.836369203870135
20,634,4.81553588278425
20,780,4.808591438339805
20,993,4.786369216117583
20,651,4.7808136605620275
20,677,4.7808136605620275
20,801,4.7808136605620275
20,557,4.773869216117584
20,793,4.773869216117584
20,797,4.773869216117584
21,553,4.707968112074109
21,700,4.682625994098256
21,527,4.654848216320479
21,571,4.654848216320479
21,609,4.654848216320479
21,649,4.64095932743159
21,619,4.637171448643711
21,556,4.627070438542701
21,618,4.627070438542701
21,552,4.620125994098256
22,567,4.963285519125683
22,829,4.963285519125683
22,854,4.963285519125683
22,554,4.94245218579235
22,634,4.94245218579235
22,747,4.94245218579235
22,858,4.94245218579235
22,711,4.94055824639841
22,654,4.938285519125683
22,981,4.938285519125683
23,747,4.713210411189219
23,711,4.711316471795279
23,567,4.703408619330908
23,855,4.702793744522552
23,814,4.688589199068007
23,526,4.6784881889669965
23,654,4.6784086193309085
23,720,4.672158615795375
23,935,4.671543744522552
23,809,4.659043744522552
24,700,4.95916126333403
24,829,4.95916126333403
24,854,4.95916126333403
24,554,4.938327930000697
24,634,4.938327930000697
24,747,4.938327930000697
24,858,4.938327930000697
24,711,4.936433990606758
24,981,4.93416126333403
24,527,4.931383485556253
25,829,4.676530612244898
25,657,4.648752834467121
25,620,4.645280612244898
25,686,4.645280612244898
25,681,4.626530612244898
25,823,4.620975056689343
25,676,4.614030612244898
25,875,4.614030612244898
25,921,4.614030612244898
25,799,4.6083487940630805
26,700,4.857195617597117
26,829,4.840243207566272
26,571,4.82941783981934
26,609,4.82941783981934
26,634,4.819392539861241
26,649,4.81552895093045
26,952,4.81552895093045
26,657,4.812465429788494
26,780,4.812448095416796
26,619,4.811741072142572
27,829,4.777435726550687
27,657,4.749657948772908
27,620,4.746185726550687
27,686,4.746185726550687
27,681,4.727435726550686
27,823,4.7218801709951315
27,676,4.714935726550687
27,875,4.714935726550687
27,921,4.714935726550687
27,799,4.7092539083688685
28,567,4.887269932430065
28,700,4.887265848662189
28,854,4.877756433250976
28,540,4.877756423250977
28,654,4.862269932430065
28,527,4.859488070884411
28,571,4.859488070884411
28,609,4.859488070884411
28,554,4.856923099917642
28,634,4.856923099917642
29,829,4.731557742354359
29,657,4.703779964576581
29,620,4.700307742354359
29,686,4.700307742354359
29,681,4.681557742354359
29,823,4.6760021867988035
29,676,4.669057742354359
29,875,4.669057742354359
29,921,4.669057742354359
29,799,4.6633759241725405
30,773,4.993887530562347
30,567,4.9383319750067916
30,700,4.9383319750067916
30,829,4.9383319750067916
30,554,4.9174986416734585
30,634,4.9174986416734585
30,747,4.9174986416734585
30,711,4.915604702279519
30,654,4.913331975006791
30,981,4.913331975006791
31,567,4.881871148464624
31,829,4.8818340107424625
31,747,4.873026309802353
31,711,4.8711323704084135
31,855,4.862609643135686
31,654,4.856871148464624
31,657,4.854056232964686
31,620,4.8505840107424625
31,686,4.8505840107424625
31,814,4.848405097681141
32,567,4.86634519951284
32,829,4.8473711624994955
32,944,4.820890654058294
32,657,4.819593384721719
32,745,4.81634519951284
32,620,4.8161211624994955
32,686,4.8161211624994955
32,682,4.810789643957284
32,541,4.80384519951284
32,545,4.80384519951284
33,829,4.831568740358715
33,854,4.814016669784456
33,657,4.803790962580937
33,620,4.800318740358715
33,686,4.800318740358715
33,858,4.793183336451122
33,807,4.782766669784456
33,934,4.782766669784456
33,681,4.781568740358715
33,823,4.776013184803158
34,567,4.7115384630769634
34,654,4.686538463076964
34,944,4.666083917622418
34,745,4.661538463076964
34,682,4.655982907521408
34,541,4.6490384630769634
34,545,4.6490384630769634
34,806,4.643356644895145
34,528,4.636538463076963
34,689,4.62820512974363
35,654,4.806777259920409
35,944,4.7863227144658635
35,745,4.781777259920409
35,682,4.776221704364853
35,541,4.769277259920409
35,545,4.769277259920409
35,806,4.763595441738591
35,528,4.756777259920409
35,689,4.7484439265870755
35,748,4.7484439265870755
36,567,4.830226457359787
36,654,4.805226457359787
36,944,4.784771911905242
36,745,4.780226457359786
36,682,4.774670901804232
36,541,4.767726457359787
36,545,4.767726457359787
36,806,4.762044639177969
36,528,4.755226457359788
36,689,4.746893124026453
37,829,4.903454760818937
37,657,4.87567698304116
37,620,4.872204760818937
37,686,4.872204760818937
37,681,4.853454760818937
37,823,4.847899205263381
37,875,4.840954760818937
37,921,4.840954760818937
37,799,4.835272942637118
37,856,4.835272942637118
38,567,4.952832110839445
38,700,4.952832110839445
38,829,4.952832110839445
38,854,4.952832110839445
38,634,4.931998777506113
38,858,4.931998777506113
38,711,4.9301048381121735
38,654,4.9278321108394465
38,527,4.925054333061668
38,571,4.925054333061668
39,700,4.747170573969281
39,829,4.747170573969281
39,854,4.747170573969281
39,554,4.726337240635948
39,634,4.726337240635948
39,747,4.726337240635948
39,858,4.726337240635948
39,711,4.724443301242008
39,654,4.722170573969281
39,981,4.722170573969281
40,527,4.856447478973186
40,571,4.856447478973186
40,609,4.856447478973186
40,747,4.846692542313618
40,711,4.844798602919679
40,649,4.8425585900842965
40,952,4.8425585900842965
40,619,4.838770711296418
40,855,4.836275875646951
40,556,4.828669701195407
41,567,4.814629003607671
41,654,4.789629003607671
41,944,4.769174458153126
41,745,4.764629003607672
41,682,4.759073448052115
41,541,4.752129003607671
41,545,4.752129003607671
41,806,4.746447185425852
41,528,4.739629003607671
41,689,4.7312956702743385
42,613,4.37662725044666
42,759,4.353899977719387
42,782,4.321703009804387
42,928,4.273091896911306
42,828,4.262990888592266
42,567,4.217536349261445
42,700,4.217536349261445
42,829,4.217536349261445
42,554,4.196703015928112
42,634,4.196703015928112
43,829,4.927332823042311
43,567,4.918973975157849
43,700,4.918973975157849
43,657,4.899555045264533
43,554,4.898140641824517
43,634,4.898140641824517
43,620,4.896082823042311
43,686,4.896082823042311
43,654,4.8939739751578495
43,981,4.8939739751578495
44,875,4.976967343842656
44,868,4.815982483110359
44,660,4.80106892054487
44,829,4.795149162024474
44,546,4.795149147882339
44,657,4.767371384246696
44,620,4.763899162024474
44,686,4.763899162024474
44,554,4.752457821681206
44,981,4.74829115501454
45,567,4.938196613830074
45,700,4.938196613830074
45,829,4.938196613830074
45,554,4.91736328049674
45,634,4.91736328049674
45,858,4.91736328049674
45,654,4.913196613830074
45,981,4.913196613830074
45,527,4.910418836052297
45,571,4.910418836052297
46,567,4.747170573969281
46,700,4.747170573969281
46,829,4.747170573969281
46,854,4.747170573969281
46,554,4.726337240635948
46,634,4.726337240635948
46,747,4.726337240635948
46,858,4.726337240635948
46,711,4.724443301242008
46,654,4.722170573969281
47,854,4.880669117300496
47,858,4.859835783967162
47,807,4.849419117300496
47,934,4.849419117300496
47,654,4.843900120555963
47,819,4.839002450633829
47,696,4.830669117300495
47,737,4.825113561744939
47,841,4.825113561744939
47,944,4.823445575101418
48,854,4.857448151944354
48,829,4.857431031376283
48,554,4.836620610460358
48,981,4.83245394379369
48,590,4.829676166015913
48,657,4.829653253598504
48,592,4.82620394379369
48,807,4.826198151944354
48,934,4.826198151944354
48,620,4.826181031376283
49,567,4.7992090229830175
49,747,4.778406150629429
49,634,4.778398479916843
49,711,4.77651221123549
49,654,4.774209022983017
49,780,4.771454035472399
49,855,4.767989483962763
49,814,4.753784938508218
49,944,4.753754477528473
49,993,4.7492318132501765
50,700,4.800849081532132
50,711,4.800069874642816
50,855,4.791547147370089
50,554,4.780018681220331
50,814,4.777342601915543
50,981,4.7758520145536645
50,590,4.773074236775887
50,527,4.773071303754353
50,571,4.773071303754353
50,609,4.773071303754353
51,829,4.8574310647641035
51,634,4.836626436612921
51,554,4.836620596006635
51,981,4.832453929339968
51,780,4.829681992168476
51,590,4.82967615156219
51,657,4.829653286986326
51,592,4.826203929339968
51,620,4.8261810647641035
51,686,4.8261810647641035
52,747,4.869944168613809
52,711,4.86805022921987
52,554,4.8609247390269275
52,855,4.8595275019471424
52,981,4.856758072360261
52,590,4.853980294582484
52,592,4.850508072360261
52,814,4.845322956492597
52,526,4.835221946391586
52,758,4.831758072360261
53,829,4.898410526106522
53,657,4.870632748328744
53,620,4.867160526106522
53,686,4.867160526106522
53,681,4.848410526106521
53,823,4.842854970550967
53,676,4.835910526106522
53,875,4.835910526106522
53,921,4.835910526106522
53,799,4.830228707924704
54,554,4.821165445992637
54,981,4.816998779325971
54,590,4.8142210015481925
54,592,4.810748779325969
54,634,4.800649718410418
54,780,4.793705273965974
54,758,4.79199877932597
54,804,4.786443223770414
54,623,4.779498779325969
54,707,4.779498779325969
55,567,4.663837240635948
55,700,4.663837240635948
55,829,4.663837240635948
55,854,4.663837240635948
55,554,4.643003907302614
55,634,4.643003907302614
55,747,4.643003907302614
55,858,4.643003907302614
55,711,4.641109967908674
55,654,4.638837240635947
56,567,4.892375213148126
56,700,4.879039660691703
56,554,4.858194912290701
56,981,4.854028245624034
56,527,4.851261882913926
56,571,4.851261882913926
56,609,4.851261882913926
56,590,4.851250467846256
56,592,4.847778245624033
56,944,4.846920667693581
57,829,4.582438622100497
57,700,4.582437999226835
57,657,4.55466084432272
57,527,4.5546602214490575
57,609,4.5546602214490575
57,620,4.551188622100497
57,686,4.551188622100497
57,649,4.540771332560168
57,952,4.540771332560168
57,619,4.53698345377229
58,700,4.775888773319518
58,527,4.74811099554174
58,571,4.74811099554174
58,609,4.74811099554174
58,649,4.734222106652851
58,952,4.734222106652851
58,556,4.7203332177639625
58,618,4.7203332177639625
58,552,4.713388773319518
58,616,4.713388773319518
59,554,4.66413080935993
59,981,4.659964142693264
59,590,4.657186364915486
59,592,4.653714142693263
59,758,4.6349641426932635
59,804,4.629408587137707
59,623,4.622464142693263
59,707,4.622464142693263
59,939,4.609964142693263
59,987,4.609964142693263
60,700,4.902644866351279
60,829,4.8834637064880635
60,854,4.883457756768264
60,527,4.874867088573501
60,571,4.874867088573501
60,609,4.874867088573501
60,858,4.862624423434931
60,649,4.860978199684611
60,952,4.860978199684611
60,619,4.857190320896732
61,634,4.763165774705131
61,829,4.753470839859748
61,993,4.733999108038464
61,651,4.728443552482909
61,677,4.728443552482909
61,801,4.728443552482909
61,657,4.7256930620819695
61,620,4.722220839859748
61,686,4.722220839859748
61,557,4.721499108038464
62,567,4.559670573969281
62,700,4.559670573969281
62,854,4.559670573969281
62,554,4.538837240635948
62,634,4.538837240635948
62,858,4.538837240635948
62,711,4.536943301242008
62,654,4.534670573969281
62,981,4.534670573969281
62,527,4.531892796191503
63,634,4.775508226844162
63,780,4.768563782399719
63,993,4.746341560177496
63,651,4.74078600462194
63,677,4.74078600462194
63,801,4.74078600462194
63,557,4.7338415601774955
63,793,4.7338415601774955
63,797,4.7338415601774955
63,802,4.7338415601774955
64,829,4.830412309264586
64,747,4.809599977876822
64,711,4.807706038482882
64,657,4.8026345314868095
64,855,4.799183311210155
64,620,4.799162309264586
64,686,4.799162309264586
64,814,4.784978765755609
64,681,4.7804123092645865
64,526,4.7748777556545985
65,716,4.462448348211525
65,567,4.434670573969281
65,700,4.434670573969281
65,829,4.434670573969281
65,854,4.434670573969281
65,554,4.413837240635948
65,634,4.413837240635948
65,747,4.413837240635948
65,858,4.413837240635948
65,711,4.411943301242008
66,854,4.83916331029935
66,858,4.818329976966017
66,807,4.80791331029935
66,934,4.80791331029935
66,819,4.797496643632683
66,696,4.78916331029935
66,737,4.7836077547437945
66,841,4.7836077547437945
66,532,4.77666331029935
66,559,4.77666331029935
67,632,4.945909483571506
67,887,4.9208906434555635
67,976,4.827159480642575
67,700,4.7958906534555625
67,634,4.775076157309241
67,527,4.768112875677785
67,571,4.768112875677785
67,609,4.768112875677785
67,649,4.754223986788896
67,952,4.754223986788896
68,700,4.952541827541827
68,829,4.952541827541827
68,854,4.952541827541827
68,554,4.931708494208494
68,634,4.931708494208494
68,747,4.931708494208494
68,858,4.931708494208494
68,711,4.929814554814555
68,527,4.9247640497640495
68,571,4.9247640497640495
69,567,4.943939393939393
69,700,4.943939393939393
69,829,4.943939393939393
69,854,4.943939393939393
69,554,4.92310606060606
69,747,4.92310606060606
69,711,4.921212121212121
69,654,4.918939393939393
69,981,4.918939393939393
69,527,4.916161616161617
70,567,4.883201660896704
70,854,4.883196326450069
70,858,4.862362993116735
70,654,4.858201660896704
70,807,4.851946326450069
70,934,4.851946326450069
70,819,4.841529659783402
70,745,4.8332016608967034
70,696,4.833196326450068
70,682,4.827646105341149
71,829,4.814015589195368
71,654,4.806567426720903
71,657,4.786237811417591
71,944,4.786112881266358
71,620,4.782765589195368
71,686,4.782765589195368
71,745,4.781567426720903
71,682,4.776011871165347
71,541,4.769067426720904
71,545,4.769067426720904
72,700,4.844227683070718
72,854,4.831746199667428
72,527,4.816449905292941
72,571,4.816449905292941
72,609,4.816449905292941
72,858,4.810912866334094
72,649,4.802561016404052
72,952,4.802561016404052
72,807,4.800496199667428
72,934,4.800496199667428
73,634,4.758022884169166
73,554,4.758016860465274
73,981,4.753850193798607
73,780,4.751078439724721
73,590,4.751072416020829
73,592,4.747600193798608
73,993,4.728856217502499
73,758,4.728850193798607
73,651,4.7233006619469435
73,677,4.7233006619469435
74,554,4.776665949523672
74,981,4.772499282857005
74,590,4.769721505079227
74,592,4.7662492828570056
74,758,4.747499282857005
74,804,4.74194372730145
74,623,4.7349992828570056
74,707,4.7349992828570056
74,939,4.722499282857005
74,508,4.714165949523672
75,829,4.830987049018821
75,854,4.830957504544602
75,858,4.810124171211269
75,657,4.803209271241043
75,620,4.799737049018821
75,686,4.799737049018821
75,807,4.799707504544602
75,934,4.799707504544602
75,819,4.789290837877935
75,681,4.780987049018821
76,854,4.783781654396684
76,858,4.762948321063352
76,807,4.752531654396684
76,696,4.733781654396685
76,737,4.728226098841128
76,841,4.728226098841128
76,532,4.721281654396684
76,559,4.721281654396684
76,575,4.721281654396684
76,624,4.721281654396684
77,567,4.86583129584352
77,829,4.86583129584352
77,854,4.86583129584352
77,554,4.844997962510188
77,634,4.844997962510188
77,747,4.844997962510188
77,858,4.844997962510188
77,711,4.843104023116249
77,654,4.840831295843521
77,981,4.840831295843521
78,594,4.946389189113134
78,810,4.919085674032358
78,854,4.877419017972292
78,747,4.875555864440054
78,711,4.873661925046115
78,855,4.865139197773388
78,858,4.85658568463896
78,814,4.850934652318842
78,807,4.846169017972292
78,934,4.846169017972292
79,567,4.881852494574767
79,654,4.856852494574767
79,747,4.843735657694911
79,711,4.841841718300971
79,944,4.836397949120221
79,855,4.833318991028244
79,745,4.8318524945747665
79,682,4.826296939019211
79,545,4.819352494574767
79,814,4.819114445573698
80,567,4.864924697502645
80,747,4.855833758970005
80,711,4.853939819576065
80,855,4.845417092303338
80,634,4.8441041895650745
80,654,4.839924697502646
80,780,4.83715974512063
80,700,4.832092705252169
80,854,4.832092705252169
80,814,4.831212546848793
81,634,4.7905633624789825
81,567,4.78532636941865
81,780,4.783618918034538
81,993,4.761396695812316
81,654,4.7603263694186495
81,651,4.75584114025676
81,677,4.75584114025676
81,801,4.75584114025676
81,557,4.748896695812316
81,793,4.748896695812316
82,567,4.497170573969281
82,700,4.497170573969281
82,829,4.497170573969281
82,854,4.497170573969281
82,546,4.4971705668982125
82,789,4.494064100412347
82,554,4.476337240635948
82,634,4.476337240635948
82,747,4.476337240635948
82,858,4.476337240635948
83,700,4.953947959397551
83,829,4.953947959397551
83,854,4.953947959397551
83,554,4.933114626064217
83,634,4.933114626064217
83,858,4.933114626064217
83,711,4.931220686670278
83,981,4.928947959397551
83,527,4.9261701816197725
83,571,4.9261701816197725
84,829,4.783875413760928
84,567,4.763124957069811
84,657,4.75609763598315
84,620,4.752625413760928
84,686,4.752625413760928
84,654,4.738124957069812
84,681,4.733875413760928
84,823,4.7283198582053725
84,676,4.721375413760928
84,875,4.721375413760928
85,567,4.943939393939393
85,700,4.943939393939393
85,829,4.943939393939393
85,554,4.92310606060606
85,634,4.92310606060606
85,747,4.92310606060606
85,711,4.921212121212121
85,654,4.918939393939393
85,981,4.918939393939393
85,527,4.916161616161617
86,700,4.920164703191125
86,829,4.920164703191125
86,854,4.920164703191125
86,554,4.899331369857791
86,634,4.899331369857791
86,747,4.899331369857791
86,858,4.899331369857791
86,711,4.897437430463851
86,981,4.895164703191124
86,527,4.892386925413347
87,557,4.967195659952294
87,743,4.9473092892448625
87,956,4.936892619649264
87,854,4.869523927353761
87,664,4.869523913211626
87,567,4.853545275211948
87,858,4.848690594020428
87,812,4.840015007601325
87,934,4.838273927353761
87,634,4.832725962982597
88,567,4.559670573969281
88,700,4.559670573969281
88,829,4.559670573969281
88,854,4.559670573969281
88,554,4.538837240635948
88,634,4.538837240635948
88,747,4.538837240635948
88,858,4.538837240635948
88,560,4.538837234512223
88,711,4.536943301242008
89,866,4.921055574498464
89,908,4.8960555744984635
89,634,4.775222247288855
89,780,4.76827780284441
89,993,4.746055580622188
89,651,4.740500025066632
89,677,4.740500025066632
89,801,4.740500025066632
89,557,4.733555580622188
89,793,4.733555580622188
90,700,4.870128376729381
90,854,4.848886785351905
90,527,4.842350598951603
90,571,4.842350598951603
90,609,4.842350598951603
90,649,4.828461710062714
90,952,4.828461710062714
90,747,4.8280613547982725
90,858,4.828053452018571
90,711,4.826167415404333
91,554,4.789556504522507
91,981,4.78538983785584
91,590,4.782612060078062
91,592,4.7791398378558405
91,758,4.76038983785584
91,804,4.754834282300284
91,623,4.7478898378558405
91,707,4.7478898378558405
91,939,4.73538983785584
91,987,4.73538983785584
92,567,4.559670573969281
92,700,4.559670573969281
92,829,4.559670573969281
92,854,4.559670573969281
92,554,4.538837240635948
92,634,4.538837240635948
92,747,4.538837240635948
92,858,4.538837240635948
92,711,4.536943301242008
92,654,4.534670573969281
93,854,4.912449476896018
93,700,4.912440944080778
93,829,4.91007870731192
93,554,4.889245373978587
93,634,4.889245373978587
93,981,4.88507870731192
93,527,4.884663166303001
93,571,4.884663166303001
93,609,4.884663166303001
93,590,4.882300929534142
94,829,4.918281242220598
94,747,4.914640355010449
94,711,4.9127464156165095
94,855,4.904223688343782
94,657,4.89050346444282
94,814,4.890019142889237
94,620,4.887031242220598
94,686,4.887031242220598
94,526,4.879918132788227
94,935,4.872973688343782
95,854,4.953317767837835
95,700,4.951394623946293
95,829,4.951394623946293
95,858,4.932484434504502
95,554,4.93056129061296
95,634,4.93056129061296
95,747,4.93056129061296
95,711,4.928667351219021
95,981,4.926394623946294
95,527,4.923616846168516
96,567,4.594577940716055
96,654,4.569577940716055
96,944,4.5491233952615096
96,745,4.544577940716055
96,682,4.539022385160499
96,541,4.532077940716055
96,545,4.532077940716055
96,806,4.526396122534237
96,528,4.519577940716055
96,689,4.5112446073827215
97,854,4.896082261760389
97,567,4.887617186732973
97,700,4.887617186732973
97,858,4.875248928427055
97,554,4.86678385339964
97,747,4.86678385339964
97,711,4.8648899140057
97,807,4.864832261760389
97,934,4.864832261760389
97,654,4.862617186732972
98,597,4.9732517235075395
98,762,4.969414208544187
98,796,4.969414208544187
98,906,4.969414208544187
98,638,4.908298058750155
98,810,4.899964721881288
98,700,4.858303097433075
98,854,4.858298065821223
98,554,4.852418397245273
98,981,4.848251730578607
99,829,4.830196352361335
99,567,4.811325082437357
99,657,4.802418574583557
99,620,4.798946352361335
99,686,4.798946352361335
99,634,4.790475786146972
99,654,4.786325082437356
99,780,4.783531341702528
99,681,4.780196352361335
99,823,4.7746407968057785
100,829,4.877768987555148
100,854,4.87776895384175
100,858,4.856935620508416
100,657,4.84999120977737
100,620,4.846518987555148
100,807,4.84651895384175
100,934,4.84651895384175
100,819,4.836102287175082
100,681,4.827768987555148
100,696,4.827768953841749
101,829,4.872457760444069
101,567,4.85673038817933
101,657,4.844679982666291
101,620,4.841207760444069
101,686,4.841207760444069
101,654,4.831730388179331
101,681,4.822457760444069
101,823,4.816902204888513
101,944,4.811275842724784
101,676,4.809957760444069
102,567,4.9438775510204085
102,700,4.9438775510204085
102,829,4.9438775510204085
102,854,4.9438775510204085
102,554,4.923044217687075
102,747,4.923044217687075
102,858,4.923044217687075
102,711,4.921150278293135
102,654,4.918877551020408
102,981,4.918877551020408
103,634,4.764352667223246
103,780,4.7574082227788015
103,993,4.735186000556579
103,651,4.729630445001025
103,677,4.729630445001025
103,801,4.729630445001025
103,557,4.72268600055658
103,793,4.72268600055658
103,797,4.72268600055658
103,802,4.72268600055658
104,567,4.622170573969281
104,700,4.622170573969281
104,829,4.622170573969281
104,854,4.622170573969281
104,554,4.601337240635948
104,634,4.601337240635948
104,747,4.601337240635948
104,858,4.601337240635948
104,711,4.599443301242008
104,654,4.597170573969281
105,567,4.8520272872931685
105,654,4.827027287293169
105,944,4.8065727418386235
105,745,4.8020272872931695
105,682,4.796471731737613
105,541,4.7895272872931685
105,545,4.7895272872931685
105,806,4.78384546911135
105,528,4.777027287293169
105,689,4.768693953959836
106,854,4.846430040104801
106,858,4.825596706771467
106,934,4.815180040104801
106,819,4.804763373438134
106,696,4.7964300401048
106,737,4.790874484549245
106,841,4.790874484549245
106,532,4.783930040104801
106,559,4.783930040104801
106,575,4.783930040104801
107,829,4.930257549043309
107,854,4.916352887885779
107,657,4.902479771265531
107,620,4.899007549043309
107,686,4.899007549043309
107,554,4.895524216459764
107,858,4.895519554552447
107,981,4.8913575497930974
107,590,4.888579772015319
107,700,4.887073727291442
108,662,4.9854571301720245
108,975,4.9715102849614885
108,633,4.941653901988948
108,778,4.905853717715736
108,854,4.874346019060914
108,540,4.874346004918778
108,567,4.860399180921445
108,700,4.860391642366929
108,747,4.858320575726681
108,711,4.856426636332742
109,955,4.512212103332814
109,829,4.456660862857791
109,700,4.456656552777258
109,657,4.428883085080013
109,527,4.428878774999481
109,571,4.428878774999481
109,609,4.428878774999481
109,620,4.425410862857791
109,686,4.425410862857791
109,952,4.414989886110591
110,567,4.663837240635948
110,700,4.663837240635948
110,829,4.663837240635948
110,854,4.663837240635948
110,554,4.643003907302614
110,634,4.643003907302614
110,747,4.643003907302614
110,858,4.643003907302614
110,711,4.641109967908674
110,654,4.638837240635947
111,854,4.920864118972696
111,858,4.900030785639363
111,807,4.889614118972696
111,934,4.889614118972696
111,819,4.879197452306029
111,696,4.870864118972696
111,737,4.865308563417139
111,841,4.865308563417139
111,532,4.858364118972696
111,559,4.858364118972696
112,854,4.899231988085438
112,634,4.88700168321561
112,780,4.880057238771165
112,747,4.878421969045785
112,858,4.878398654752104
112,711,4.876528029651846
112,855,4.868005302379119
112,807,4.867981988085438
112,934,4.867981988085438
112,993,4.857835016548943
113,854,4.884227951805343
113,829,4.884221276895502
113,858,4.863394618472009
113,657,4.856443499117724
113,807,4.852977951805343
113,934,4.852977951805343
113,620,4.852971276895502
113,686,4.852971276895502
113,634,4.844977087729115
113,819,4.842561285138677
114,854,4.755423646548533
114,858,4.7345903132152
114,807,4.724173646548533
114,934,4.724173646548533
114,819,4.713756979881866
114,696,4.7054236465485335
114,737,4.699868090992978
114,841,4.699868090992978
114,532,4.692923646548533
114,559,4.692923646548533
115,779,4.836538451119896
115,860,4.81153844947905
115,854,4.711538461726498
115,858,4.690705128393165
115,807,4.680288461726498
115,934,4.680288461726498
115,819,4.669871795059831
115,696,4.661538461726498
115,737,4.655982906170943
115,841,4.655982906170943
116,567,4.898417101827676
116,700,4.898417101827676
116,829,4.898417101827676
116,854,4.898417101827676
116,764,4.8984170931674225
116,747,4.877583768494343
116,858,4.877583768494343
116,711,4.875689829100404
116,654,4.873417101827677
116,981,4.873417101827677
117,796,4.99090909090909
117,906,4.99090909090909
117,963,4.99090909090909
117,770,4.959090900430655
117,594,4.940909082248837
117,567,4.890909090909091
117,700,4.890909090909091
117,854,4.890909090909091
117,869,4.890909075909091
117,637,4.890909073588584
118,854,4.839034046735981
118,780,4.837903821665611
118,858,4.818200713402648
118,993,4.815681599443389
118,651,4.810126043887833
118,677,4.810126043887833
118,801,4.810126043887833
118,807,4.807784046735981
118,934,4.807784046735981
118,557,4.803181599443389
119,567,4.684670573969281
119,700,4.684670573969281
119,829,4.684670573969281
119,854,4.684670573969281
119,554,4.663837240635948
119,634,4.663837240635948
119,747,4.663837240635948
119,858,4.663837240635948
119,711,4.661943301242008
119,654,4.659670573969281
120,568,4.711616008405945
120,554,4.668055411005592
120,981,4.663888744338926
120,590,4.661110966561147
120,758,4.638888744338925
120,804,4.63333318878337
120,870,4.626544421364505
120,623,4.626388744338925
120,707,4.626388744338925
120,939,4.613888744338926
121,829,4.927332833950349
121,567,4.918974531467779
121,700,4.918974531467779
121,657,4.899555056172571
121,554,4.898141198134445
121,747,4.898141198134445
121,620,4.896082833950349
121,686,4.896082833950349
121,654,4.893974531467778
121,981,4.893974531467778
122,829,4.941062852143375
122,854,4.9367260458652735
122,700,4.936714617294808
122,858,4.9158927125319405
122,657,4.913285074365597
122,620,4.909812852143375
122,686,4.909812852143375
122,527,4.908936839517031
122,571,4.908936839517031
122,609,4.908936839517031
123,567,4.907823463634356
123,747,4.878421457183728
123,711,4.876527517789788
123,527,4.871449200455952
123,571,4.871449200455952
123,609,4.871449200455952
123,855,4.868004790517061
123,944,4.8623689181798095
123,745,4.857823463634356
123,649,4.857560311567063
124,554,4.8859596528344795
124,981,4.881792986167812
124,590,4.879015208390035
124,592,4.875542986167813
124,758,4.856792986167813
124,804,4.851237430612256
124,623,4.844292986167813
124,707,4.844292986167813
124,987,4.831792986167812
124,508,4.8234596528344795
125,567,4.958681230698845
125,700,4.958681230698845
125,829,4.958681230698845
125,554,4.937847897365511
125,634,4.937847897365511
125,747,4.937847897365511
125,711,4.935953957971572
125,654,4.933681230698845
125,981,4.933681230698845
125,527,4.930903452921067
126,854,4.909994352872266
126,858,4.889161019538932
126,807,4.878744352872266
126,934,4.878744352872266
126,747,4.8700066750466195
126,634,4.87000272341403
126,819,4.868327686205598
126,711,4.86811273565268
126,780,4.863058278969586
126,696,4.859994352872265
127,747,4.824558785147595
127,711,4.822664845753655
127,855,4.8141421184809285
127,554,4.809494662487138
127,981,4.8053279958204715
127,590,4.802550218042693
127,814,4.799937573026383
127,592,4.799077995820472
127,526,4.789836562925372
127,935,4.7828921184809285
128,854,4.904515078097315
128,567,4.904506265610771
128,858,4.883681744763982
128,654,4.879506265610771
128,807,4.873265078097315
128,934,4.873265078097315
128,554,4.872045045806736
128,981,4.86787837914007
128,590,4.8651006013622915
128,829,4.863649011403012
129,973,4.983938655793646
129,567,4.826127078444438
129,634,4.813105322460313
129,780,4.806160878015868
129,654,4.801127078444439
129,944,4.780672532989893
129,651,4.7783831002380905
129,677,4.7783831002380905
129,801,4.7783831002380905
129,745,4.776127078444438
130,700,4.689055452692317
130,527,4.661277674914539
130,571,4.661277674914539
130,609,4.661277674914539
130,649,4.64738878602565
130,952,4.64738878602565
130,619,4.643600907237772
130,556,4.633499897136762
130,552,4.626555452692317
130,616,4.626555452692317
131,809,4.955126152689926
131,848,4.891221740319357
131,854,4.78011063533197
131,858,4.759277301998637
131,711,4.757398886086378
131,855,4.748876158813649
131,807,4.74886063533197
131,934,4.74886063533197
131,819,4.738443968665303
131,814,4.7346716133591045
132,567,4.897417466014465
132,634,4.876624790717469
132,654,4.872417466014465
132,780,4.869680346273025
132,944,4.851962920559919
132,993,4.847458124050802
132,745,4.847417466014464
132,651,4.841902568495247
132,677,4.841902568495247
132,801,4.841902568495247
133,554,4.859128892495699
133,981,4.854962225829032
133,590,4.852184448051254
133,747,4.846672874132179
133,711,4.8447789347382395
133,855,4.836256207465512
133,758,4.829962225829032
133,804,4.8244066702734765
133,814,4.822051662010967
133,623,4.817462225829033
134,567,4.622170573969281
134,700,4.622170573969281
134,829,4.622170573969281
134,854,4.622170573969281
134,554,4.601337240635948
134,634,4.601337240635948
134,747,4.601337240635948
134,858,4.601337240635948
134,711,4.599443301242008
134,654,4.597170573969281
135,700,4.825528340655205
135,747,4.80469460105923
135,711,4.802800661665291
135,527,4.797750562877427
135,571,4.797750562877427
135,609,4.797750562877427
135,855,4.794277934392564
135,649,4.783861673988538
135,952,4.783861673988538
135,619,4.780073795200659
136,567,4.874465694219497
136,700,4.87446179580021
136,829,4.8636977118044165
136,854,4.8636977118044165
136,634,4.8536526729835625
136,654,4.8494656942194965
136,780,4.846708228539119
136,527,4.846684018022433
136,571,4.846684018022433
136,609,4.846684018022433
137,567,4.202832110839446
137,700,4.202832110839446
137,829,4.202832110839446
137,854,4.202832110839446
137,554,4.181998777506113
137,634,4.181998777506113
137,858,4.181998777506113
137,654,4.1778321108394465
137,981,4.1778321108394465
137,527,4.175054333061668
138,567,4.559670573969281
138,700,4.559670573969281
138,829,4.559670573969281
138,854,4.559670573969281
138,554,4.538837240635948
138,634,4.538837240635948
138,747,4.538837240635948
138,858,4.538837240635948
138,711,4.536943301242008
138,654,4.534670573969281
139,567,4.937999963906744
139,854,4.937999963906744
139,554,4.91716663057341
139,634,4.91716663057341
139,747,4.91716663057341
139,858,4.91716663057341
139,711,4.915272691179471
139,654,4.912999963906744
139,981,4.912999963906744
139,590,4.910222186128966
140,567,4.831774364699864
140,747,4.810944710029396
140,711,4.809050770635457
140,654,4.806774364699864
140,855,4.80052804336273
140,814,4.786323497908184
140,944,4.7863198192453185
140,745,4.781774364699864
140,526,4.776222487807174
140,682,4.776218809144308
141,601,4.847282342517408
141,892,4.7479058113536565
141,567,4.718903964139031
141,812,4.702860754061163
141,634,4.698076687557844
141,654,4.6939039641390305
141,780,4.6911322431134
141,527,4.685301190753452
141,571,4.685301190753452
141,609,4.685301190753452
142,985,4.9578562538803785
142,667,4.86410463229993
142,829,4.8328565812621616
142,700,4.8328562538803785
142,981,4.807854639370998
142,657,4.805078803484383
142,527,4.805078476102601
142,609,4.805078476102601
142,590,4.80507686159322
142,620,4.8016065812621616
143,800,4.954911442118323
143,854,4.854911452724925
143,858,4.834078119391592
143,728,4.8260699903655375
143,807,4.823661452724925
143,934,4.823661452724925
143,819,4.813244786058258
143,696,4.804911452724925
143,737,4.799355897169368
143,841,4.799355897169368
144,700,4.931021132344634
144,554,4.9136926828237595
144,590,4.906748238379315
144,592,4.9032760161570925
144,527,4.903243354566857
144,609,4.903243354566857
144,649,4.889354465677967
144,952,4.889354465677967
144,619,4.885566586890089
144,758,4.884526016157093
145,829,4.8386505352647085
145,764,4.838650517944202
145,567,4.8386475898601935
145,654,4.813647589860194
145,657,4.810872757486931
145,620,4.8074005352647085
145,686,4.8074005352647085
145,944,4.793193044405648
145,681,4.788650535264709
145,745,4.788647589860194
146,829,4.8762928127989715
146,657,4.848515035021194
146,620,4.8450428127989715
146,686,4.8450428127989715
146,681,4.826292812798972
146,823,4.820737257243416
146,676,4.8137928127989715
146,875,4.8137928127989715
146,921,4.8137928127989715
146,799,4.808110994617154
147,763,4.981784207322266
147,770,4.951751731129545
147,922,4.899993120071509
147,746,4.882111885303009
147,700,4.879159795398429
147,796,4.857884282022946
147,780,4.855792143830203
147,527,4.851382017620652
147,571,4.851382017620652
147,609,4.851382017620652
148,773,4.728128720490763
148,829,4.716882554470661
148,696,4.713517150321445
148,657,4.689104776692885
148,620,4.685632554470661
148,681,4.6668825544706625
148,823,4.661326998915106
148,676,4.654382554470661
148,875,4.654382554470661
148,921,4.654382554470661
149,812,4.810868944276665
149,700,4.810429646091151
149,527,4.7826518683133745
149,571,4.7826518683133745
149,609,4.7826518683133745
149,649,4.768762979424485
149,952,4.768762979424485
149,619,4.764975100636606
149,556,4.754874090535596
149,618,4.754874090535596
150,966,4.769101877240872
150,581,4.682424244555909
150,567,4.6441018822408715
150,519,4.628410905009071
150,654,4.619101882240872
150,944,4.5986473367863265
150,745,4.594101882240872
150,694,4.589490001811929
150,682,4.588546326685316
150,541,4.5816018822408715
151,560,4.846487764717503
151,554,4.70004116538437
151,981,4.6958744987177035
151,590,4.693096720939925
151,592,4.689624498717704
151,758,4.670874498717703
151,804,4.6653189431621485
151,623,4.658374498717704
151,707,4.658374498717704
151,939,4.645874498717703
152,567,4.872732951156879
152,654,4.847732951156879
152,944,4.827278405702334
152,745,4.822732951156879
152,682,4.817177395601323
152,541,4.810232951156879
152,545,4.810232951156879
152,806,4.804551132975061
152,528,4.797732951156879
152,689,4.789399617823546
153,997,4.793014846542739
153,829,4.792794051093596
153,657,4.765016273315819
153,620,4.761544051093596
153,686,4.761544051093596
153,681,4.742794051093597
153,823,4.73723849553804
153,854,4.730514857149339
153,664,4.730514844901892
153,676,4.730294051093596
154,634,4.831438619948722
154,780,4.824494175504277
154,754,4.821301289808009
154,993,4.802271953282055
154,651,4.7967163977265
154,677,4.7967163977265
154,801,4.7967163977265
154,557,4.789771953282055
154,797,4.789771953282055
154,859,4.789771953282055
155,634,4.791592924485029
155,780,4.784648480040584
155,993,4.762426257818362
155,651,4.756870702262807
155,677,4.756870702262807
155,801,4.756870702262807
155,793,4.7499262578183625
155,797,4.7499262578183625
155,802,4.7499262578183625
155,859,4.7499262578183625
156,858,4.897384695582767
156,567,4.8914325043455165
156,807,4.8869680289161
156,934,4.8869680289161
156,981,4.881013302323793
156,590,4.878235524546016
156,819,4.876551362249433
156,592,4.874763302323792
156,696,4.8682180289161
156,737,4.862662473360545
157,720,4.91887566085823
157,615,4.918875658321701
157,955,4.840816928088072
157,567,4.825125666981954
157,654,4.800125666981955
157,700,4.78526138119277
157,677,4.784448537083941
157,944,4.779671121527409
157,745,4.775125666981955
157,682,4.769570111426399
158,634,4.873670886059218
158,567,4.871429855548568
158,654,4.846429855548568
158,993,4.844504219392551
158,651,4.838948663836996
158,677,4.838948663836996
158,801,4.838948663836996
158,557,4.832004219392552
158,793,4.832004219392552
158,797,4.832004219392552
159,562,4.971547707193837
159,854,4.930669383744593
159,858,4.90983605041126
159,554,4.900358127578992
159,807,4.899419383744593
159,934,4.899419383744593
159,981,4.896191460912325
159,590,4.893413683134548
159,747,4.891193805039616
159,634,4.891190564336694
160,854,4.703696602626444
160,858,4.682863269293111
160,807,4.672446602626444
160,934,4.672446602626444
160,819,4.662029935959778
160,696,4.653696602626444
160,737,4.648141047070888
160,841,4.648141047070888
160,532,4.641196602626444
160,559,4.641196602626444
161,567,4.846619457952984
161,654,4.821619457952984
161,944,4.801164912498439
161,745,4.796619457952984
161,682,4.791063902397429
161,854,4.784215954259878
161,541,4.784119457952984
161,806,4.778437639771166
161,528,4.771619457952983
161,858,4.763382620926545
162,829,4.808831028950591
162,620,4.777581028950591
162,686,4.777581028950591
162,681,4.75883102895059
162,823,4.7532754733950355
162,632,4.753077232461076
162,676,4.746331028950591
162,875,4.746331028950591
162,921,4.746331028950591
162,848,4.742614732039713
163,634,4.8069915645739245
163,780,4.800047120129481
163,993,4.777824897907258
163,554,4.775915369155337
163,651,4.772269342351702
163,677,4.772269342351702
163,801,4.772269342351702
163,981,4.7717487024886704
163,590,4.768970924710892
163,592,4.76549870248867
164,634,4.83005374097708
164,780,4.823109296532635
164,993,4.800887074310413
164,651,4.795331518754859
164,677,4.795331518754859
164,801,4.795331518754859
164,700,4.792924606411505
164,557,4.788387074310414
164,793,4.788387074310414
164,797,4.788387074310414
165,854,4.689413339848267
165,858,4.668580006514934
165,807,4.658163339848267
165,934,4.658163339848267
165,819,4.647746673181601
165,696,4.639413339848267
165,737,4.633857784292712
165,841,4.633857784292712
165,532,4.626913339848267
165,559,4.626913339848267
166,747,4.811561268412294
166,711,4.809667329018355
166,855,4.8011446017456265
166,814,4.7869400562910815
166,526,4.776839046190071
166,935,4.7698946017456265
166,809,4.757394601745627
166,512,4.749061268412294
166,573,4.749061268412294
166,727,4.749061268412294
167,747,4.7973678007120695
167,711,4.79547386131813
167,855,4.7869511340454025
167,814,4.7727465885908575
167,526,4.762645578489847
167,935,4.7557011340454025
167,809,4.743201134045402
167,512,4.7348678007120695
167,573,4.7348678007120695
167,691,4.7348678007120695
168,554,4.80630159791888
168,981,4.802134931252214
168,590,4.7993571534744355
168,592,4.795884931252214
168,758,4.777134931252213
168,623,4.764634931252214
168,707,4.764634931252214
168,567,4.753218504696026
168,939,4.752134931252214
168,987,4.752134931252214
169,527,4.814112072734089
169,571,4.814112072734089
169,609,4.814112072734089
169,657,4.80102854583331
169,649,4.800223183845199
169,952,4.800223183845199
169,620,4.797556323611088
169,686,4.797556323611088
169,619,4.7964353050573205
169,556,4.78633429495631
170,554,4.780397423543018
170,981,4.776230756876352
170,590,4.773452979098574
170,592,4.769980756876351
170,758,4.751230756876351
170,804,4.745675201320796
170,623,4.738730756876351
170,707,4.738730756876351
170,939,4.726230756876351
170,987,4.726230756876351
171,870,4.627240560502625
171,829,4.619809308320853
171,657,4.592031530543077
171,634,4.59126750319156
171,620,4.588559308320853
171,686,4.588559308320853
171,780,4.584323058747115
171,681,4.569809308320854
171,823,4.564253752765298
171,993,4.562100836524893
172,554,4.798973648309618
172,981,4.794806981642951
172,592,4.788556981642952
172,758,4.769806981642951
172,804,4.764251426087396
172,623,4.757306981642952
172,707,4.757306981642952
172,939,4.744806981642951
172,987,4.744806981642951
172,508,4.736473648309618
173,634,4.817531013633648
173,700,4.811667877769985
173,780,4.810586569189203
173,993,4.788364346966981
173,527,4.783890099992207
173,571,4.783890099992207
173,609,4.783890099992207
173,651,4.7828087914114255
173,677,4.7828087914114255
173,801,4.7828087914114255
174,909,4.954158905113185
174,655,4.851359484327622
174,780,4.823581717156446
174,747,4.808325571779852
174,711,4.806431632385912
174,993,4.801359494934224
174,855,4.797908905113185
174,651,4.7958039393786684
174,677,4.7958039393786684
174,801,4.7958039393786684
175,555,4.766213574587931
175,829,4.698322192490289
175,554,4.689824693604736
175,981,4.685658026938069
175,590,4.682880249160291
175,562,4.682068405803981
175,592,4.679408026938069
175,657,4.670544414712511
175,620,4.667072192490289
175,686,4.667072192490289
176,700,4.857936116923122
176,527,4.830158339145345
176,571,4.830158339145345
176,609,4.830158339145345
176,649,4.816269450256455
176,952,4.816269450256455
176,619,4.8124815714685765
176,556,4.802380561367567
176,618,4.802380561367567
176,552,4.795436116923122
177,700,4.906392216686656
177,634,4.894889211793625
177,780,4.887944767349181
177,527,4.878614438908878
177,571,4.878614438908878
177,609,4.878614438908878
177,993,4.865722545126959
177,649,4.864725550019989
177,952,4.864725550019989
177,619,4.860937671232111
178,588,4.978448332297396
178,985,4.974693794544083
178,783,4.930468532246531
178,700,4.833389446717996
178,667,4.819259465740828
178,747,4.818726115075174
178,711,4.816832175681235
178,839,4.812052664374868
178,855,4.808309448408507
178,527,4.805611668940219
179,527,4.697162440777166
179,571,4.697162440777166
179,609,4.697162440777166
179,952,4.683273551888277
179,619,4.679485673100398
179,556,4.669384662999388
179,618,4.669384662999388
179,654,4.6675437342574675
179,552,4.662440218554943
179,616,4.662440218554943
180,829,4.752686930170326
180,657,4.724909152392549
180,620,4.721436930170326
180,686,4.721436930170326
180,681,4.7026869301703265
180,823,4.69713137461477
180,676,4.690186930170326
180,875,4.690186930170326
180,921,4.690186930170326
180,799,4.684505111988508
181,601,4.976546048904455
181,516,4.9576906413964625
181,729,4.954523688207914
181,892,4.954523688207914
181,852,4.95452368208419
181,812,4.912857007399112
181,750,4.9015460382978535
181,778,4.897000583752398
181,938,4.892023674065779
181,568,4.866781544363647
182,599,4.862514399908232
182,700,4.797626312489494
182,527,4.769848534711716
182,571,4.769848534711716
182,609,4.769848534711716
182,829,4.758347740741565
182,649,4.755959645822827
182,952,4.755959645822827
182,619,4.752171767034948
182,567,4.743664080771596
183,700,4.7349926861572715
183,527,4.707214908379494
183,571,4.707214908379494
183,609,4.707214908379494
183,649,4.693326019490605
183,952,4.693326019490605
183,619,4.689538140702727
183,556,4.679437130601716
183,618,4.679437130601716
183,552,4.6724926861572715
184,854,4.580539749276872
184,829,4.5663354310681825
184,858,4.559706415943538
184,700,4.556880339441761
184,634,4.553453780573294
184,807,4.549289749276872
184,934,4.549289749276872
184,780,4.5465093361288496
184,747,4.546505182723868
184,654,4.541335431068182
185,866,4.917159352148252
185,908,4.892159352148251
185,634,4.77132602942152
185,780,4.764381584977075
185,688,4.748660468926067
185,651,4.736603807199297
185,677,4.736603807199297
185,801,4.736603807199297
185,557,4.7296593627548535
185,793,4.7296593627548535
186,747,4.663923795576055
186,711,4.662029856182116
186,855,4.653507128909389
186,814,4.639302583454843
186,526,4.629201573353833
186,567,4.622630417614497
186,809,4.609757128909389
186,512,4.601423795576055
186,573,4.601423795576055
186,691,4.601423795576055
187,747,4.848580745029404
187,711,4.846686805635464
187,855,4.8381640783627375
187,700,4.8365607172159155
187,814,4.823959532908192
187,526,4.813858522807181
187,527,4.808782939438137
187,571,4.808782939438137
187,609,4.808782939438137
187,935,4.8069140783627375
188,567,4.7968325186762435
188,654,4.771832518676243
188,944,4.751377973221697
188,745,4.746832518676243
188,682,4.741276963120687
188,541,4.7343325186762435
188,545,4.7343325186762435
188,806,4.728650700494425
188,528,4.721832518676242
188,689,4.71349918534291
189,567,4.798414632089598
189,654,4.773414632089597
189,944,4.752960086635053
189,745,4.748414632089598
189,682,4.742859076534042
189,541,4.735914632089598
189,545,4.735914632089598
189,806,4.730232813907779
189,528,4.723414632089598
189,747,4.715597991925268
190,567,4.890622152826124
190,854,4.878423288821091
190,700,4.878420748909668
190,654,4.865622152826123
190,858,4.857589955487757
190,527,4.85064297113189
190,571,4.85064297113189
190,609,4.85064297113189
190,807,4.847173288821091
190,934,4.847173288821091
191,854,4.825339704454212
191,700,4.811742767963581
191,858,4.804506371120878
191,807,4.794089704454212
191,934,4.794089704454212
191,527,4.783964990185805
191,571,4.783964990185805
191,609,4.783964990185805
191,819,4.783673037787544
191,696,4.775339704454211
192,700,4.741989864955214
192,527,4.714212087177437
192,571,4.714212087177437
192,609,4.714212087177437
192,649,4.700323198288547
192,952,4.700323198288547
192,619,4.696535319500669
192,556,4.686434309399659
192,618,4.686434309399659
192,552,4.679489864955214
193,829,4.793854328422165
193,700,4.77591632648339
193,657,4.766076550644387
193,620,4.762604328422165
193,686,4.762604328422165
193,527,4.748138548705612
193,571,4.748138548705612
193,609,4.748138548705612
193,681,4.743854328422165
193,823,4.738298772866609
194,892,4.817772231136339
194,812,4.786819840183958
194,829,4.779097673962734
194,938,4.765986506850625
194,657,4.751319896184956
194,620,4.747847673962734
194,686,4.747847673962734
194,681,4.729097673962734
194,601,4.728185666805551
194,823,4.7235421184071775
195,667,4.903298252354606
195,554,4.851214929021273
195,981,4.8470482623546065
195,590,4.844270484576828
195,592,4.840798262354606
195,758,4.822048262354606
195,804,4.81649270679905
195,623,4.809548262354606
195,707,4.809548262354606
195,939,4.797048262354606
196,634,4.795954623414151
196,780,4.789010178969706
196,993,4.766787956747484
196,651,4.761232401191928
196,677,4.761232401191928
196,801,4.761232401191928
196,829,4.7611527224781796
196,557,4.7542879567474845
196,793,4.7542879567474845
196,797,4.7542879567474845
197,833,4.95029963033248
197,567,4.904385992570964
197,654,4.879385992570964
197,944,4.858931447116419
197,682,4.848830437015408
197,554,4.848821135708824
197,981,4.844654469042157
197,541,4.841885992570964
197,545,4.841885992570964
197,590,4.84187669126438
198,567,4.905019657402789
198,700,4.893846976535877
198,654,4.880019657402789
198,634,4.8730798466180305
198,780,4.866135402173587
198,527,4.866069198758099
198,571,4.866069198758099
198,609,4.866069198758099
198,657,4.866060175409833
198,747,4.86569987587526
199,700,4.826389689693107
199,634,4.822917881520902
199,554,4.82291770420715
199,981,4.818751037540483
199,780,4.815973437076458
199,590,4.815973259762705
199,592,4.812501037540484
199,567,4.801241279703167
199,854,4.801241279703167
199,527,4.79861191191533
200,747,4.674166343294562
200,711,4.672272403900623
200,855,4.663749676627895
200,814,4.649545131173349
200,526,4.639444121072339
200,935,4.632499676627895
200,809,4.619999676627895
200,512,4.611666343294562
200,573,4.611666343294562
200,691,4.611666343294562
201,854,4.914526278995284
201,567,4.898172185734551
201,700,4.884597870394309
201,807,4.883276278995284
201,934,4.883276278995284
201,654,4.873172185734551
201,819,4.872859612328616
201,696,4.8645262789952834
201,737,4.858970723439728
201,841,4.858970723439728
202,747,4.805302906036832
202,711,4.803408966642893
202,855,4.794886239370166
202,814,4.780681693915621
202,526,4.770580683814611
202,542,4.768836941646905
202,965,4.768836938717973
202,935,4.763636239370166
202,809,4.751136239370167
202,512,4.742802906036832
203,855,4.731428788315375
203,814,4.71722424286083
203,567,4.715795081171686
203,935,4.700178788315375
203,809,4.687678788315375
203,512,4.679345454982042
203,573,4.679345454982042
203,691,4.679345454982042
203,727,4.679345454982042
203,838,4.679345454982042
204,854,4.598314758616743
204,858,4.57748142528341
204,807,4.567064758616743
204,934,4.567064758616743
204,819,4.556648091950077
204,696,4.548314758616743
204,737,4.542759203061188
204,841,4.542759203061188
204,559,4.535814758616743
204,575,4.535814758616743
205,567,4.696705254468947
205,654,4.671705254468947
205,944,4.651250709014402
205,745,4.646705254468947
205,682,4.641149698913392
205,545,4.634205254468947
205,806,4.628523436287129
205,528,4.621705254468948
205,829,4.620689989642685
205,689,4.613371921135614
206,747,4.722725829631052
206,711,4.720831890237113
206,855,4.712309162964385
206,814,4.6981046175098395
206,526,4.688003607408829
206,935,4.681059162964385
206,809,4.668559162964385
206,512,4.660225829631052
206,691,4.660225829631052
206,727,4.660225829631052
207,634,4.881544256161145
207,780,4.8745998117167
207,567,4.858254753660884
207,993,4.852377589494478
207,651,4.846822033938922
207,677,4.846822033938922
207,801,4.846822033938922
207,557,4.839877589494478
207,793,4.839877589494478
207,797,4.839877589494478
208,747,4.79943799135526
208,711,4.797544051961321
208,855,4.789021324688592
208,526,4.764715769133037
208,935,4.757771324688592
208,809,4.745271324688593
208,512,4.73693799135526
208,573,4.73693799135526
208,691,4.73693799135526
208,727,4.73693799135526
209,634,4.814621818302786
209,780,4.807677373858342
209,993,4.7854551516361195
209,854,4.782913209755641
209,664,4.782913202684573
209,651,4.779899596080564
209,801,4.779899596080564
209,557,4.772955151636119
209,793,4.772955151636119
209,797,4.772955151636119
210,881,4.922857287638569
210,909,4.878607406412923
210,527,4.8200795185210445
210,571,4.8200795185210445
210,609,4.8200795185210445
210,708,4.819678828860627
210,831,4.817292038952257
210,649,4.806190629632155
210,952,4.806190629632155
210,619,4.802402750844276
211,534,4.786164904815768
211,854,4.705103754823374
211,829,4.705100287210893
211,858,4.684270421490041
211,657,4.6773225094331154
211,807,4.673853754823374
211,934,4.673853754823374
211,620,4.673850287210893
211,686,4.673850287210893
211,819,4.663437088156707
212,870,4.747575764697577
212,522,4.689514291339169
212,829,4.668395988054967
212,747,4.64368096412956
212,711,4.6417870247356205
212,657,4.640618210277189
212,620,4.637145988054967
212,686,4.637145988054967
212,814,4.619059752008349
212,681,4.618395988054967
213,554,4.859924059713457
213,981,4.85575739304679
213,590,4.852979615269013
213,592,4.849507393046791
213,758,4.83075739304679
213,804,4.825201837491235
213,623,4.818257393046791
213,939,4.8057573930467905
213,987,4.8057573930467905
213,567,4.797857804164005
214,747,4.845050648079575
214,711,4.843156708685636
214,855,4.8346339814129085
214,814,4.8204294359583635
214,526,4.810328425857353
214,935,4.8033839814129085
214,512,4.782550648079575
214,573,4.782550648079575
214,691,4.782550648079575
214,727,4.782550648079575
215,567,4.723693427385816
215,654,4.698693427385816
215,944,4.678238881931271
215,745,4.673693427385816
215,682,4.668137871830261
215,541,4.661193427385816
215,545,4.661193427385816
215,806,4.655511609203998
215,528,4.648693427385816
215,747,4.64805388335119
216,747,4.821295732583301
216,711,4.819401793189361
216,855,4.810879065916634
216,814,4.796674520462089
216,526,4.7865735103610785
216,935,4.779629065916634
216,809,4.7671290659166345
216,512,4.758795732583301
216,573,4.758795732583301
216,691,4.758795732583301
217,700,4.828165694288863
217,527,4.800387916511085
217,571,4.800387916511085
217,609,4.800387916511085
217,649,4.786499027622197
217,952,4.786499027622197
217,619,4.782711148834318
217,618,4.772610138733308
217,552,4.765665694288863
217,616,4.765665694288863
218,655,4.891401284316505
218,854,4.877912656783579
218,780,4.863623515198981
218,858,4.857079323450245
218,807,4.846662656783579
218,934,4.846662656783579
218,819,4.836245990116912
218,651,4.835845737421202
218,677,4.835845737421202
218,801,4.835845737421202
219,567,4.864604509538063
219,654,4.839604509538063
219,745,4.8146045095380625
219,682,4.809048953982507
219,545,4.802104509538063
219,806,4.796422691356245
219,528,4.789604509538063
219,689,4.781271176204729
219,748,4.781271176204729
219,862,4.781271176204729
220,909,4.9728053504224
220,747,4.818638683755733
220,711,4.8167447443617935
220,855,4.808222017089066
220,814,4.79401747163452
220,526,4.78391646153351
220,935,4.776972017089066
220,829,4.767017098042274
220,809,4.764472017089066
220,512,4.756138683755733
221,554,4.800773870709861
221,981,4.796607204043195
221,590,4.793829426265416
221,592,4.790357204043194
221,662,4.7824233164822285
221,747,4.781562652498847
221,711,4.779668713104908
221,758,4.771607204043194
221,855,4.77114598583218
221,804,4.766051648487639
222,829,4.6077833301090685
222,657,4.58000555233129
222,686,4.5765333301090685
222,700,4.5634395843477815
222,681,4.557783330109068
222,823,4.552227774553513
222,676,4.5452833301090685
222,875,4.5452833301090685
222,921,4.5452833301090685
222,856,4.53960151192725
223,854,4.787816178002412
223,858,4.766982844669078
223,807,4.756566178002412
223,934,4.756566178002412
223,819,4.746149511335745
223,696,4.7378161780024115
223,737,4.732260622446857
223,841,4.732260622446857
223,532,4.725316178002412
223,559,4.725316178002412
224,567,4.846826381161601
224,634,4.825988539471763
224,654,4.821826381161602
224,780,4.819044095027319
224,944,4.801371835707055
224,745,4.796826381161601
224,993,4.796821872805096
224,682,4.791270825606045
224,651,4.791266317249541
224,677,4.791266317249541
225,829,4.805768951204142
225,657,4.777991173426363
225,620,4.774518951204142
225,686,4.774518951204142
225,554,4.761681670369513
225,981,4.757515003702847
225,681,4.755768951204141
225,590,4.754737225925069
225,592,4.751265003702846
225,823,4.7502133956485855
226,829,4.828388114056082
226,567,4.807488590531895
226,657,4.800610336278304
226,620,4.797138114056082
226,686,4.797138114056082
226,654,4.782488590531894
226,681,4.7783881140560815
226,823,4.772832558500526
226,676,4.765888114056082
226,875,4.765888114056082
227,700,4.854932386974834
227,571,4.8271546091970565
227,609,4.8271546091970565
227,649,4.813265720308168
227,619,4.809477841520289
227,556,4.799376831419279
227,618,4.799376831419279
227,552,4.792432386974834
227,616,4.792432386974834
227,990,4.792432386974834
228,747,4.745722229117414
228,711,4.743828289723474
228,829,4.743633504579918
228,855,4.735305562450746
228,814,4.721101016996201
228,657,4.715855726802141
228,620,4.712383504579918
228,686,4.712383504579918
228,526,4.7110000068951905
228,935,4.704055562450746
229,829,4.751196800455655
229,620,4.719946800455655
229,686,4.719946800455655
229,681,4.701196800455655
229,676,4.688696800455655
229,875,4.688696800455655
229,921,4.688696800455655
229,799,4.683014982273837
229,856,4.683014982273837
229,653,4.676196800455655
230,998,4.986317975184282
230,829,4.922008074835513
230,554,4.907792334158641
230,981,4.9036256674919745
230,592,4.897375667491975
230,747,4.8946795596058745
230,657,4.894230297057735
230,711,4.892785620211935
230,620,4.890758074835513
230,686,4.890758074835513
231,831,4.910199000659627
231,597,4.8851989865174925
231,911,4.878948994535903
231,554,4.7643656673262935
231,981,4.760199000659627
231,700,4.757753347046369
231,590,4.757421222881849
231,923,4.757421208739714
231,592,4.753949000659627
231,758,4.735199000659627
232,657,4.709036875449327
232,620,4.705564653227104
232,567,4.6920153218138845
232,681,4.686814653227104
232,823,4.681259097671549
232,676,4.674314653227104
232,634,4.671176442567406
232,799,4.668632835045286
232,856,4.668632835045286
232,654,4.667015321813885
233,557,4.950467240159709
233,743,4.94421723308864
233,956,4.933800563493042
233,590,4.838413048337205
233,592,4.834940826114984
233,634,4.829633906826375
233,780,4.8226894623819305
233,758,4.816190826114983
233,804,4.810635270559428
233,623,4.803690826114984
234,567,4.952832110839445
234,700,4.952832110839445
234,829,4.952832110839445
234,854,4.952832110839445
234,554,4.931998777506113
234,747,4.931998777506113
234,858,4.931998777506113
234,711,4.9301048381121735
234,654,4.9278321108394465
234,981,4.9278321108394465
235,700,4.9016182584526335
235,829,4.900004651318184
235,747,4.88079888420901
235,554,4.87917131798485
235,634,4.87917131798485
235,711,4.878904944815071
235,981,4.875004651318184
235,527,4.873840480674856
235,571,4.873840480674856
235,609,4.873840480674856
236,747,4.849457737781907
236,711,4.847563798387967
236,854,4.84337124567965
236,700,4.843366688856959
236,855,4.83904107111524
236,814,4.824836525660695
236,858,4.822537912346316
236,527,4.81558891107918
236,571,4.81558891107918
236,609,4.81558891107918
237,653,4.609670567845557
237,729,4.571034204209193
237,852,4.559670567845556
237,516,4.54830693148192
237,598,4.5346705653090265
237,942,4.497170565309027
237,955,4.490226120864582
237,750,4.4846705633626796
237,778,4.480125108817225
237,567,4.434670573969281
238,854,4.8416810460996444
238,858,4.820847712766311
238,807,4.8104310460996444
238,934,4.8104310460996444
238,554,4.805908459858006
238,981,4.80174179319134
238,819,4.800014379432978
238,590,4.798964015413562
238,592,4.7954917931913394
238,696,4.791681046099645
239,736,4.988614843467305
239,600,4.982432124555599
239,739,4.982432124555599
239,875,4.982432124555599
239,660,4.926876556752595
239,868,4.9199321123081505
239,700,4.899098791222266
239,829,4.899098791222266
239,546,4.89909877708013
239,747,4.884448176800638
240,567,4.881818181818181
240,654,4.8568181818181815
240,944,4.836363636363636
240,745,4.831818181818181
240,682,4.826262626262626
240,541,4.819318181818181
240,545,4.819318181818181
240,806,4.8136363636363635
240,528,4.806818181818182
240,689,4.798484848484848
241,747,4.7930941877751865
241,711,4.791200248381247
241,855,4.7826775211085195
241,814,4.7684729756539745
241,526,4.758371965552964
241,935,4.7514275211085195
241,694,4.739702539455625
241,809,4.738927521108519
241,512,4.7305941877751865
241,573,4.7305941877751865
242,567,4.622170573969281
242,700,4.622170573969281
242,829,4.622170573969281
242,854,4.622170573969281
242,554,4.601337240635948
242,634,4.601337240635948
242,747,4.601337240635948
242,858,4.601337240635948
242,711,4.599443301242008
242,654,4.597170573969281
243,973,4.909870679262042
243,634,4.775400982292345
243,780,4.7684565378479
243,993,4.746234315625678
243,651,4.740678760070122
243,677,4.740678760070122
243,801,4.740678760070122
243,557,4.733734315625679
243,793,4.733734315625679
243,797,4.733734315625679
244,567,4.663837240635948
244,700,4.663837240635948
244,829,4.663837240635948
244,854,4.663837240635948
244,554,4.643003907302614
244,634,4.643003907302614
244,747,4.643003907302614
244,858,4.643003907302614
244,711,4.641109967908674
244,654,4.638837240635947
245,747,4.819049352060403
245,634,4.819048208240617
245,711,4.817155412666463
245,780,4.8121037637961726
245,855,4.808632685393736
245,814,4.794428139939191
245,993,4.78988154157395
245,526,4.78432712983818
245,651,4.784325986018395
245,677,4.784325986018395
246,567,4.897386594123871
246,554,4.876552839006963
246,654,4.872386594123871
246,981,4.8723861723402955
246,590,4.869608394562519
246,592,4.866136172340296
246,944,4.851932048669326
246,745,4.847386594123871
246,758,4.847386172340296
246,682,4.841831038568316
247,829,4.793187566370573
247,554,4.772350262489876
247,981,4.76818359582321
247,657,4.765409788592796
247,590,4.765405818045432
247,620,4.761937566370573
247,686,4.761937566370573
247,592,4.76193359582321
247,681,4.743187566370574
247,758,4.74318359582321
248,599,4.981362723070184
248,942,4.972434142981359
248,810,4.960770165381913
248,963,4.948869096504009
248,868,4.930767474368345
248,854,4.919103509321847
248,829,4.909934151641613
248,634,4.889122762356847
248,807,4.887853509321847
248,934,4.887853509321847
249,747,4.798139510242057
249,855,4.7877228435753905
249,814,4.773518298120845
249,526,4.763417288019835
249,935,4.7564728435753905
249,809,4.74397284357539
249,512,4.735639510242057
249,573,4.735639510242057
249,691,4.735639510242057
249,727,4.735639510242057
250,829,4.936345505680581
250,854,4.920857208900278
250,747,4.911580780655345
250,711,4.909686841261405
250,657,4.908567727902803
250,620,4.905095505680581
250,686,4.905095505680581
250,855,4.901164113988678
250,858,4.900023875566945
250,567,4.8964162547563115
251,829,4.790917330800081
251,747,4.770055923164049
251,711,4.76816198377011
251,657,4.763139553022302
251,620,4.759667330800081
251,686,4.759667330800081
251,855,4.759639256497382
251,814,4.745434711042837
251,681,4.74091733080008
251,823,4.735361775244526
252,567,4.876089314466984
252,700,4.876089314466984
252,854,4.876089314466984
252,554,4.85525598113365
252,634,4.85525598113365
252,858,4.85525598113365
252,654,4.851089314466984
252,981,4.851089314466984
252,527,4.848311536689207
252,571,4.848311536689207
253,854,4.8243122971900965
253,747,4.8214519588767555
253,711,4.819558019482816
253,855,4.8110352922100885
253,858,4.803478963856763
253,807,4.7930622971900965
253,934,4.7930622971900965
253,526,4.786729736654532
253,819,4.7826456305234295
253,935,4.7797852922100885
254,829,4.83171818862983
254,567,4.831712199324693
254,747,4.810866438648436
254,711,4.808972499254496
254,654,4.806712199324694
254,657,4.803940410852052
254,620,4.80046818862983
254,686,4.80046818862983
254,855,4.800449771981769
254,944,4.786257653870148
255,746,4.742841472071205
255,567,4.680341479142273
255,654,4.6553414791422725
255,944,4.634886933687727
255,745,4.630341479142272
255,682,4.624785923586717
255,541,4.617841479142273
255,545,4.617841479142273
255,806,4.6121596609604545
255,528,4.605341479142272
256,700,4.8139399714705196
256,527,4.786162193692742
256,571,4.786162193692742
256,609,4.786162193692742
256,649,4.772273304803853
256,952,4.772273304803853
256,619,4.768485426015975
256,556,4.758384415914964
256,618,4.758384415914964
256,552,4.7514399714705196
257,567,4.86800105857616
257,829,4.86800105857616
257,854,4.86800105857616
257,634,4.856594732290752
257,780,4.849650287846308
257,554,4.8471677252428265
257,858,4.8471677252428265
257,654,4.84300105857616
257,981,4.84300105857616
257,590,4.840223280798383
258,700,4.716311018699018
258,854,4.716308068410905
258,858,4.695474735077571
258,527,4.68853324092124
258,571,4.68853324092124
258,609,4.68853324092124
258,807,4.685058068410905
258,934,4.685058068410905
258,649,4.674644352032351
258,952,4.674644352032351
259,567,4.663837240635948
259,700,4.663837240635948
259,829,4.663837240635948
259,854,4.663837240635948
259,554,4.643003907302614
259,634,4.643003907302614
259,747,4.643003907302614
259,858,4.643003907302614
259,711,4.641109967908674
259,654,4.638837240635947
260,567,4.622170573969281
260,700,4.622170573969281
260,829,4.622170573969281
260,854,4.622170573969281
260,554,4.601337240635948
260,634,4.601337240635948
260,747,4.601337240635948
260,858,4.601337240635948
260,711,4.599443301242008
260,654,4.597170573969281
261,700,4.856860297962849
261,527,4.829082520185072
261,571,4.829082520185072
261,609,4.829082520185072
261,649,4.815193631296182
261,952,4.815193631296182
261,619,4.811405752508303
261,556,4.801304742407294
261,618,4.801304742407294
261,552,4.794360297962849
262,527,4.72596728049554
262,571,4.72596728049554
262,649,4.712078391606651
262,952,4.712078391606651
262,619,4.708290512818772
262,556,4.698189502717762
262,618,4.698189502717762
262,552,4.691245058273317
262,616,4.691245058273317
262,990,4.691245058273317
263,854,4.893819136164726
263,858,4.872985802831392
263,807,4.862569136164726
263,934,4.862569136164726
263,819,4.85215246949806
263,696,4.843819136164726
263,737,4.838263580609171
263,841,4.838263580609171
263,532,4.831319136164726
263,559,4.831319136164726
264,567,4.663837240635948
264,700,4.663837240635948
264,829,4.663837240635948
264,854,4.663837240635948
264,554,4.643003907302614
264,634,4.643003907302614
264,747,4.643003907302614
264,858,4.643003907302614
264,711,4.641109967908674
264,654,4.638837240635947
265,700,4.9255784334404265
265,527,4.897800655662649
265,571,4.897800655662649
265,609,4.897800655662649
265,554,4.893280639264317
265,981,4.88911397259765
265,649,4.8839117667737595
265,952,4.8839117667737595
265,592,4.882863972597649
265,619,4.8801238879858815
266,567,4.843384156868632
266,829,4.826471061173643
266,764,4.826471043853136
266,654,4.818384156868632
266,554,4.80559306354097
266,981,4.801426396874303
266,657,4.798693283395865
266,590,4.798648619096526
266,944,4.797929611414086
266,620,4.795221061173643
267,567,4.79085260709366
267,554,4.770028838656677
267,981,4.765862171990011
267,654,4.765852607093661
267,590,4.763084394212233
267,592,4.75961217199001
267,944,4.745398061639115
267,758,4.740862171990011
267,745,4.740852607093661
267,804,4.735306616434455
268,854,4.85874182986953
268,829,4.843112806355194
268,858,4.837908496536197
268,807,4.82749182986953
268,934,4.82749182986953
268,819,4.817075163202863
268,657,4.815335028577417
268,620,4.811862806355194
268,686,4.811862806355194
268,696,4.80874182986953
269,700,4.832743516974498
269,554,4.83242625158399
269,981,4.828259584917323
269,592,4.822009584917323
269,634,4.811914959127803
269,780,4.804970514683358
269,527,4.804965739196719
269,571,4.804965739196719
269,804,4.797704029361768
269,649,4.79107685030783
270,567,4.684670573969281
270,700,4.684670573969281
270,829,4.684670573969281
270,854,4.684670573969281
270,554,4.663837240635948
270,634,4.663837240635948
270,747,4.663837240635948
270,858,4.663837240635948
270,711,4.661943301242008
270,654,4.659670573969281
271,854,4.931131386221047
271,567,4.931128669292802
271,858,4.910298052887713
271,654,4.9061286692928014
271,807,4.899881386221047
271,934,4.899881386221047
271,819,4.889464719554379
271,944,4.885674123838257
271,696,4.881131386221046
271,745,4.881128669292802
272,567,4.747170573969281
272,700,4.747170573969281
272,829,4.747170573969281
272,854,4.747170573969281
272,554,4.726337240635948
272,634,4.726337240635948
272,747,4.726337240635948
272,858,4.726337240635948
272,711,4.724443301242008
272,654,4.722170573969281
273,854,4.9005817859174154
273,567,4.900575306038126
273,700,4.900568893669545
273,858,4.879748452584082
273,654,4.875575306038126
273,527,4.8727911158917685
273,571,4.8727911158917685
273,609,4.8727911158917685
273,807,4.8693317859174154
273,934,4.8693317859174154
274,700,4.831778954663061
274,747,4.810951657465949
274,711,4.80905771807201
274,527,4.804001176885283
274,571,4.804001176885283
274,609,4.804001176885283
274,855,4.8005349907992825
274,649,4.790112287996394
274,952,4.790112287996394
274,814,4.786330445344737
275,700,4.559670573969281
275,829,4.559670573969281
275,854,4.559670573969281
275,554,4.538837240635948
275,634,4.538837240635948
275,747,4.538837240635948
275,858,4.538837240635948
275,711,4.536943301242008
275,654,4.534670573969281
275,981,4.534670573969281
276,567,4.559670573969281
276,700,4.559670573969281
276,829,4.559670573969281
276,854,4.559670573969281
276,554,4.538837240635948
276,634,4.538837240635948
276,747,4.538837240635948
276,858,4.538837240635948
276,711,4.536943301242008
276,654,4.534670573969281
277,634,4.818876913987207
277,567,4.814625093413302
277,700,4.814624307815382
277,780,4.8119324695427625
277,993,4.78971024732054
277,654,4.789625093413303
277,527,4.7868465300376055
277,571,4.7868465300376055
277,609,4.7868465300376055
277,651,4.784154691764985
278,662,4.988228143523669
278,848,4.988228143523669
278,829,4.916815223552019
278,854,4.916799572095098
278,858,4.895966238761764
278,657,4.889037445774241
278,620,4.885565223552019
278,686,4.885565223552019
278,807,4.885549572095098
278,934,4.885549572095098
279,567,4.870465413651789
279,554,4.849635351202636
279,981,4.84546868453597
279,654,4.845465413651789
279,590,4.842690906758191
279,592,4.83921868453597
279,944,4.825010868197243
279,758,4.820468684535969
279,745,4.820465413651789
279,804,4.814913128980414
280,854,4.814727544225507
280,700,4.814725727723657
280,858,4.793894210892175
280,527,4.786947949945878
280,571,4.786947949945878
280,609,4.786947949945878
280,807,4.783477544225507
280,934,4.783477544225507
280,819,4.773060877558841
280,649,4.773059061056989
281,747,4.839307703013835
281,711,4.837413763619896
281,780,4.832356642183879
281,855,4.828891036347169
281,814,4.8146864908926235
281,993,4.810134419961657
281,526,4.804585480791614
281,651,4.804578864406102
281,677,4.804578864406102
281,801,4.804578864406102
282,922,4.866036429860488
282,700,4.845203105187408
282,637,4.845203091045273
282,747,4.824395388487022
282,634,4.824392137828376
282,554,4.824388913713825
282,711,4.822501449093083
282,981,4.820222247047159
282,780,4.817447693383931
282,590,4.817444469269381
283,854,4.856787241928979
283,858,4.835953908595645
283,807,4.825537241928979
283,934,4.825537241928979
283,747,4.818613157748883
283,711,4.816719218354944
283,819,4.815120575262311
283,855,4.808196491082216
283,696,4.806787241928978
283,737,4.8012316863734235
284,854,4.857442305583739
284,567,4.857436625178382
284,634,4.836614712460214
284,858,4.836608972250405
284,654,4.8324366251783815
284,780,4.82967026801577
284,807,4.826192305583739
284,934,4.826192305583739
284,819,4.815775638917071
284,944,4.811982079723837
285,567,4.839795918367347
285,700,4.839795918367347
285,829,4.839795918367347
285,854,4.839795918367347
285,634,4.818962585034013
285,747,4.818962585034013
285,858,4.818962585034013
285,711,4.817068645640074
285,654,4.814795918367347
285,527,4.8120181405895694
286,700,4.892368116074973
286,527,4.864590338297195
286,571,4.864590338297195
286,609,4.864590338297195
286,634,4.858195824530613
286,554,4.858192833317274
286,981,4.854026166650606
286,780,4.851251380086168
286,590,4.851248388872829
286,649,4.850701449408306
287,854,4.886798265578673
287,700,4.874190356538641
287,747,4.870319900590159
287,711,4.86842596119622
287,858,4.8659649322453395
287,855,4.859903233923493
287,807,4.855548265578673
287,634,4.853380608644051
287,780,4.846436164199607
287,527,4.846412578760863
288,700,4.743288789408323
288,634,4.72246135235532
288,780,4.715516907910875
288,527,4.715511011630546
288,571,4.715511011630546
288,609,4.715511011630546
288,649,4.701622122741656
288,952,4.701622122741656
288,619,4.697834243953778
288,993,4.693294685688653
289,854,4.836786496630076
289,858,4.815953163296742
289,807,4.805536496630076
289,934,4.805536496630076
289,819,4.795119829963408
289,696,4.786786496630075
289,737,4.78123094107452
289,841,4.78123094107452
289,532,4.774286496630076
289,559,4.774286496630076
290,567,4.951797385620915
290,829,4.951797385620915
290,854,4.951797385620915
290,554,4.930964052287582
290,634,4.930964052287582
290,747,4.930964052287582
290,858,4.930964052287582
290,711,4.929070112893642
290,654,4.926797385620915
290,981,4.926797385620915
291,567,5.0
291,700,5.0
291,829,5.0
291,854,5.0
291,554,4.979166666666667
291,634,4.979166666666667
291,747,4.979166666666667
291,858,4.979166666666667
291,711,4.9772727272727275
291,654,4.975
292,567,4.684670573969281
292,700,4.684670573969281
292,829,4.684670573969281
292,854,4.684670573969281
292,554,4.663837240635948
292,634,4.663837240635948
292,747,4.663837240635948
292,858,4.663837240635948
292,711,4.661943301242008
292,654,4.659670573969281
293,700,4.895092849288757
293,854,4.884387027182693
293,527,4.867315071510978
293,571,4.867315071510978
293,609,4.867315071510978
293,554,4.8635581699749455
293,858,4.86355369384936
293,981,4.859391503308279
293,590,4.856613725530501
293,649,4.853426182622089
294,854,4.451797385620916
294,858,4.430964052287582
294,807,4.420547385620916
294,934,4.420547385620916
294,819,4.410130718954249
294,696,4.401797385620915
294,737,4.39624183006536
294,841,4.39624183006536
294,532,4.389297385620916
294,559,4.389297385620916
295,700,4.923835453468449
295,854,4.923835453468449
295,747,4.906107670821834
295,634,4.906102415712168
295,711,4.904213731427895
295,554,4.903002120135116
295,858,4.903002120135116
295,780,4.899157971267725
295,981,4.898835453468449
295,527,4.896057675690672
296,700,4.8723925885296655
296,634,4.851555391375931
296,527,4.844614810751887
296,571,4.844614810751887
296,609,4.844614810751887
296,780,4.844610946931487
296,649,4.8307259218629985
296,952,4.8307259218629985
296,619,4.82693804307512
296,993,4.822388724709264
297,567,4.893803551390391
297,854,4.893801005960989
297,634,4.888176167597109
297,780,4.8812317231526645
297,858,4.872967672627656
297,654,4.868803551390392
297,807,4.862551005960989
297,934,4.862551005960989
297,993,4.859009500930442
297,651,4.853453945374888
298,567,4.908479777320935
298,654,4.883479777320935
298,747,4.871987015079977
298,634,4.8719826198551495
298,711,4.870093075686038
298,780,4.865038175410705
298,944,4.86302523186639
298,700,4.862091756005727
298,854,4.862091756005727
298,855,4.861570348413311
299,829,4.357542972089838
299,630,4.35754296501877
299,764,4.357542957089839
299,657,4.32976519431206
299,620,4.326292972089838
299,686,4.326292972089838
299,681,4.307542972089838
299,823,4.301987416534282
299,676,4.295042972089838
299,921,4.295042972089838
300,567,4.663837240635948
300,700,4.663837240635948
300,829,4.663837240635948
300,854,4.663837240635948
300,554,4.643003907302614
300,634,4.643003907302614
300,747,4.643003907302614
300,858,4.643003907302614
300,711,4.641109967908674
300,654,4.638837240635947
301,567,4.663837240635948
301,700,4.663837240635948
301,829,4.663837240635948
301,854,4.663837240635948
301,554,4.643003907302614
301,634,4.643003907302614
301,747,4.643003907302614
301,858,4.643003907302614
301,711,4.641109967908674
301,654,4.638837240635947
302,747,4.469872907430231
302,711,4.467978968036292
302,855,4.459456240763564
302,814,4.445251695309018
302,526,4.435150685208009
302,935,4.428206240763564
302,809,4.415706240763564
302,512,4.407372907430231
302,573,4.407372907430231
302,691,4.407372907430231
303,567,4.9310064935064934
303,700,4.9310064935064934
303,829,4.9310064935064934
303,854,4.9310064935064934
303,554,4.91017316017316
303,747,4.91017316017316
303,858,4.91017316017316
303,560,4.910173154049436
303,711,4.908279220779221
303,654,4.906006493506494
304,567,4.895508936164886
304,829,4.895505853641911
304,747,4.874682010533917
304,711,4.872788071139977
304,654,4.870508936164886
304,657,4.867728075864132
304,855,4.864265343867251
304,620,4.864255853641911
304,686,4.864255853641911
304,814,4.850060798412706
305,829,4.814725684301714
305,747,4.7938985421846905
305,711,4.792004602790751
305,657,4.786947906523936
305,855,4.783481875518024
305,620,4.783475684301714
305,686,4.783475684301714
305,814,4.7692773300634785
305,681,4.764725684301714
305,526,4.759176319962469
306,567,4.762739972655929
306,654,4.737739972655929
306,944,4.717285427201383
306,745,4.712739972655928
306,682,4.707184417100374
306,541,4.700239972655929
306,545,4.700239972655929
306,806,4.694558154474111
306,528,4.687739972655929
306,689,4.679406639322595
307,567,4.580503907302614
307,700,4.580503907302614
307,829,4.580503907302614
307,854,4.580503907302614
307,554,4.559670573969281
307,634,4.559670573969281
307,747,4.559670573969281
307,858,4.559670573969281
307,711,4.557776634575341
307,654,4.555503907302614
308,854,4.908367060608933
308,554,4.900859055265768
308,981,4.896692388599101
308,590,4.893914610821324
308,592,4.8904423885991015
308,634,4.887552908110775
308,858,4.8875337272756
308,780,4.880608463666331
308,807,4.877117060608933
308,934,4.877117060608933
309,567,5.0
309,700,5.0
309,829,5.0
309,854,5.0
309,554,4.979166666666667
309,634,4.979166666666667
309,747,4.979166666666667
309,858,4.979166666666667
309,711,4.9772727272727275
309,654,4.975
310,700,4.5824380352122756
310,634,4.561603100228812
310,527,4.554660257434499
310,571,4.554660257434499
310,609,4.554660257434499
310,780,4.554658655784367
310,649,4.5407713685456095
310,952,4.5407713685456095
310,619,4.536983489757731
310,993,4.532436433562145
311,567,4.622170573969281
311,700,4.622170573969281
311,829,4.622170573969281
311,854,4.622170573969281
311,634,4.601337240635948
311,747,4.601337240635948
311,858,4.601337240635948
311,560,4.601337233135947
311,711,4.599443301242008
311,654,4.597170573969281
312,829,4.767807799206502
312,634,4.747005824778878
312,780,4.740061380334434
312,657,4.7400300214287245
312,620,4.736557799206502
312,686,4.736557799206502
312,993,4.717839158112211
312,681,4.717807799206502
312,651,4.712283602556656
312,677,4.712283602556656
313,567,4.747170573969281
313,700,4.747170573969281
313,829,4.747170573969281
313,854,4.747170573969281
313,554,4.726337240635948
313,634,4.726337240635948
313,747,4.726337240635948
313,858,4.726337240635948
313,711,4.724443301242008
313,654,4.722170573969281
314,700,4.706937799111701
314,527,4.679160021333923
314,571,4.679160021333923
314,609,4.679160021333923
314,649,4.665271132445033
314,952,4.665271132445033
314,619,4.661483253657155
314,556,4.651382243556146
314,618,4.651382243556146
314,552,4.644437799111701
315,554,4.751107991032294
315,981,4.746941324365627
315,590,4.744163546587849
315,592,4.740691324365627
315,747,4.737801507742253
315,634,4.7377924546500125
315,711,4.735907568348313
315,780,4.730848010205568
315,855,4.727384841075586
315,758,4.721941324365627
316,854,4.8273923403947085
316,858,4.8065590070613755
316,747,4.797471258870601
316,807,4.7961423403947085
316,934,4.7961423403947085
316,711,4.795577319476662
316,855,4.787054592203935
316,819,4.785725673728042
316,696,4.777392340394709
316,814,4.772850046749389
317,854,4.72766453170417
317,858,4.706831198370837
317,807,4.69641453170417
317,934,4.69641453170417
317,819,4.685997865037503
317,696,4.6776645317041705
317,737,4.672108976148614
317,841,4.672108976148614
317,532,4.66516453170417
317,559,4.66516453170417
318,516,4.979057688364367
318,729,4.979057688364367
318,852,4.979057688364367
318,955,4.934613235259668
318,700,4.879057688364367
318,554,4.858224355031034
318,634,4.858224355031034
318,747,4.858224355031034
318,858,4.858224355031034
318,711,4.856330415637094
319,700,4.831951918703249
319,829,4.814768451482816
319,567,4.814760126124289
319,527,4.804174140925471
319,571,4.804174140925471
319,609,4.804174140925471
319,649,4.790285252036583
319,952,4.790285252036583
319,654,4.789760126124289
319,657,4.786990673705039
320,542,4.975407937036057
320,791,4.975407937036057
320,965,4.975407937036057
320,873,4.975407929964989
320,567,4.875407937036057
320,700,4.875407937036057
320,829,4.875407937036057
320,854,4.875407937036057
320,554,4.854574603702724
320,858,4.854574603702724
321,554,4.809387719214359
321,981,4.805221052547693
321,590,4.8024432747699155
321,592,4.798971052547692
321,758,4.7802210525476925
321,804,4.774665496992137
321,623,4.767721052547692
321,707,4.767721052547692
321,939,4.755221052547693
321,987,4.755221052547693
322,567,4.602939494452706
322,700,4.602939494452706
322,829,4.602939494452706
322,554,4.582106161119372
322,634,4.582106161119372
322,747,4.582106161119372
322,711,4.580212221725432
322,654,4.577939494452705
322,981,4.577939494452705
322,527,4.575161716674927
323,839,4.709548046718208
323,634,4.549825840697837
323,780,4.542881396253392
323,863,4.533031606696349
323,993,4.52065917403117
323,651,4.5151036184756155
323,677,4.5151036184756155
323,801,4.5151036184756155
323,557,4.508159174031171
323,793,4.508159174031171
324,829,4.488882638124731
324,657,4.461104860346953
324,620,4.457632638124731
324,686,4.457632638124731
324,681,4.438882638124731
324,823,4.433327082569176
324,676,4.426382638124731
324,875,4.426382638124731
324,921,4.426382638124731
324,799,4.420700819942913
325,744,4.681940612679844
325,700,4.619440615179844
325,527,4.591662837402066
325,571,4.591662837402066
325,609,4.591662837402066
325,649,4.577773948513178
325,952,4.577773948513178
325,619,4.573986069725299
325,556,4.563885059624289
325,618,4.563885059624289
326,700,4.916916440813111
326,634,4.906197916780378
326,829,4.902327461140898
326,780,4.899253472335934
326,747,4.896117528125928
326,711,4.894223588731989
326,527,4.889138663035334
326,571,4.889138663035334
326,609,4.889138663035334
326,855,4.885700861459261
327,858,4.908524779308514
327,829,4.905027600366684
327,807,4.898108112641847
327,934,4.898108112641847
327,819,4.887691445975181
327,634,4.884200783044815
327,696,4.879358112641847
327,780,4.877256338600371
327,657,4.877249822588906
327,737,4.873802557086291
328,567,4.684670573969281
328,700,4.684670573969281
328,829,4.684670573969281
328,854,4.684670573969281
328,634,4.663837240635948
328,747,4.663837240635948
328,858,4.663837240635948
328,711,4.661943301242008
328,654,4.659670573969281
328,981,4.659670573969281
329,700,4.710171568627452
329,527,4.682393790849673
329,571,4.682393790849673
329,609,4.682393790849673
329,649,4.668504901960784
329,619,4.664717023172906
329,556,4.654616013071896
329,618,4.654616013071896
329,552,4.647671568627452
329,616,4.647671568627452
330,567,4.684670573969281
330,700,4.684670573969281
330,829,4.684670573969281
330,854,4.684670573969281
330,554,4.663837240635948
330,634,4.663837240635948
330,747,4.663837240635948
330,858,4.663837240635948
330,711,4.661943301242008
330,654,4.659670573969281
331,503,4.9677173497377645
331,847,4.908537837247543
331,579,4.849654644216086
331,700,4.821884022528156
331,829,4.821876875098562
331,546,4.821876866438307
331,634,4.819522694392645
331,780,4.812578249948201
331,554,4.801072744003211
331,981,4.796906077336544
332,567,4.828501988226867
332,554,4.82476994656069
332,981,4.820603279894024
332,590,4.8178255021162455
332,592,4.814353279894023
332,654,4.803501988226867
332,758,4.795603279894023
332,804,4.790047724338468
332,623,4.783103279894023
332,707,4.783103279894023
333,854,4.909015400049334
333,567,4.893781454606712
333,858,4.888182066716001
333,807,4.877765400049334
333,934,4.877765400049334
333,747,4.872967160145574
333,711,4.871073220751635
333,654,4.868781454606713
333,819,4.867348733382668
333,855,4.862550493478906
