user_id,activity_id,rating,timestamp
6,1,1,1767694857
7,1,2,1767694857
10,2,3,1767694857
3,1,4,1767717913
10,1,5,1767718285
78,403,2,1767722176
46,230,1,1767722176
33,374,4,1767722176
5,2,3,1767722176
8,2,1,1767722176
83,468,2,1767722176
105,454,3,1767722176
69,483,4,1767722176
63,430,5,1767722176
3,1,1,1767722176
76,180,2,1767722176
83,284,3,1767722176
18,2,4,1767722176
25,303,5,1767722176
15,2,1,1767722176
40,391,2,1767722176
16,449,3,1767722176
48,33,4,1767722176
32,274,5,1767722176
93,240,1,1767722176
23,66,2,1767722176
12,2,3,1767722176
93,333,4,1767722176
17,485,5,1767722176
6,1,5,1767722176
53,392,1,1767722176
33,124,2,1767722176
76,204,3,1767722176
15,300,4,1767722176
101,127,5,1767722176
46,207,1,1767722176
45,30,2,1767722176
6,2,3,1767722176
106,14,4,1767722176
90,60,5,1767722176
67,436,1,1767722176
85,77,2,1767722176
83,266,3,1767722176
21,394,4,1767722176
86,487,5,1767722176
42,466,1,1767722176
37,49,2,1767722176
16,475,3,1767722176
30,301,4,1767722176
84,226,5,1767722176
40,379,1,1767722176
16,300,2,1767722176
12,1,3,1767722176
10,227,4,1767722176
101,223,5,1767722176
49,91,1,1767722176
56,210,2,1767722176
28,7,3,1767722176
68,130,4,1767722176
49,486,5,1767722176
28,338,1,1767722176
102,37,2,1767722176
63,222,3,1767722176
100,428,4,1767722176
95,111,5,1767722176
87,473,1,1767722176
47,91,2,1767722176
25,226,3,1767722176
37,25,4,1767722176
91,119,5,1767722176
74,469,1,1767722176
66,141,2,1767722176
53,383,3,1767722176
12,168,4,1767722176
3,2,5,1767722176
25,485,1,1767722176
92,262,2,1767722176
44,7,3,1767722176
4,2,4,1767722176
61,241,5,1767722176
30,38,1,1767722176
52,386,2,1767722176
107,334,3,1767722176
88,441,4,1767722176
75,82,5,1767722176
15,1,1,1767722176
74,468,2,1767722176
59,265,3,1767722176
86,403,4,1767722176
61,502,5,1767722176
9,219,1,1767722176
81,51,2,1767722176
17,1,3,1767722176
38,461,4,1767722176
85,435,5,1767722176
46,421,1,1767722176
98,186,2,1767722176
21,254,3,1767722176
67,20,4,1767722176
101,173,5,1767722176
104,216,1,1767722176
45,184,2,1767722176
52,254,3,1767722176
14,2,4,1767722176
107,436,5,1767722176
106,478,1,1767722176
6,294,2,1767722176
6,322,3,1767722176
66,316,4,1767722176
76,310,5,1767722176
7,114,1,1767722176
30,207,2,1767722176
54,377,3,1767722176
59,267,4,1767722176
62,416,5,1767722176
60,274,1,1767722176
55,295,2,1767722176
86,439,3,1767722176
16,239,4,1767722176
61,236,5,1767722176
74,41,1,1767722176
81,404,2,1767722176
26,37,3,1767722176
61,443,4,1767722176
90,402,5,1767722176
9,111,1,1767722176
40,423,2,1767722176
38,92,3,1767722176
25,232,4,1767722176
58,252,5,1767722176
93,456,1,1767722176
39,458,2,1767722176
74,447,3,1767722176
48,458,4,1767722176
88,265,5,1767722176
96,42,1,1767722176
41,184,2,1767722176
95,381,3,1767722176
53,291,4,1767722176
71,384,5,1767722176
86,135,1,1767722176
9,114,2,1767722176
27,227,3,1767722176
90,377,4,1767722176
106,40,5,1767722176
47,169,1,1767722176
89,401,2,1767722176
23,449,3,1767722176
32,179,4,1767722176
61,280,5,1767722176
66,505,1,1767722176
60,39,2,1767722176
60,485,3,1767722176
97,294,4,1767722176
95,149,5,1767722176
7,493,1,1767722176
26,434,2,1767722176
39,33,3,1767722176
15,325,4,1767722176
80,223,5,1767722176
35,3,1,1767722176
72,430,2,1767722176
61,207,3,1767722176
29,319,4,1767722176
52,350,5,1767722176
49,5,1,1767722176
79,1,2,1767722176
70,307,3,1767722176
43,65,4,1767722176
92,180,5,1767722176
20,13,1,1767722176
25,41,2,1767722176
31,222,3,1767722176
3,5,4,1767722176
78,285,5,1767722176
21,393,1,1767722176
92,333,2,1767722176
101,116,3,1767722176
7,394,4,1767722176
56,136,5,1767722176
62,140,1,1767722176
56,103,2,1767722176
29,355,3,1767722176
74,86,4,1767722176
89,134,5,1767722176
52,87,1,1767722176
6,240,2,1767722176
32,153,3,1767722176
73,68,4,1767722176
19,458,5,1767722176
31,235,1,1767722176
49,261,2,1767722176
4,1,3,1767722176
31,65,4,1767722176
96,498,5,1767722176
13,1,1,1767722176
69,127,2,1767722176
28,330,3,1767722176
69,143,4,1767722176
70,102,5,1767722176
90,163,1,1767722176
55,138,2,1767722176
94,451,3,1767722176
52,180,4,1767722176
39,428,5,1767722176
22,428,1,1767722176
92,471,2,1767722176
48,433,3,1767722176
46,237,4,1767722176
39,127,5,1767722176
45,157,1,1767722176
95,314,2,1767722176
88,3,3,1767722176
86,19,4,1767722176
75,384,5,1767722176
82,394,1,1767722176
32,37,2,1767722176
41,198,3,1767722176
30,497,4,1767722176
90,139,5,1767722176
20,1,1,1767722176
79,68,2,1767722176
81,343,3,1767722176
53,130,4,1767722176
27,232,5,1767722176
85,472,1,1767722176
36,279,2,1767722176
74,277,3,1767722176
10,285,4,1767722176
61,116,5,1767722176
82,293,1,1767722176
107,358,2,1767722176
70,211,3,1767722176
86,351,4,1767722176
46,363,5,1767722176
45,182,1,1767722176
64,421,2,1767722176
30,379,3,1767722176
86,449,4,1767722176
62,79,5,1767722176
78,382,1,1767722176
87,33,2,1767722176
71,16,3,1767722176
26,176,4,1767722176
5,1,5,1767722176
56,484,1,1767722176
15,1,2,1767722176
51,470,3,1767722176
57,4,4,1767722176
37,501,5,1767722176
12,241,2,1767722176
33,340,3,1767722176
106,14,4,1767722176
16,1,5,1767722176
105,102,1,1767722176
24,465,2,1767722176
36,453,3,1767722176
79,176,4,1767722176
21,14,5,1767722176
33,422,1,1767722176
93,22,2,1767722176
60,22,3,1767722176
89,354,4,1767722176
101,181,5,1767722176
85,205,1,1767722176
93,436,2,1767722176
86,354,3,1767722176
41,311,4,1767722176
75,352,5,1767722176
72,149,1,1767722176
91,35,2,1767722176
57,481,3,1767722176
80,134,4,1767722176
106,460,5,1767722176
72,243,1,1767722176
69,213,2,1767722176
44,119,3,1767722176
92,123,4,1767722176
92,57,5,1767722176
17,207,1,1767722176
77,162,2,1767722176
98,230,3,1767722176
25,219,4,1767722176
7,121,5,1767722176
34,387,1,1767722176
82,26,2,1767722176
19,2,3,1767722176
90,340,4,1767722176
19,375,5,1767722176
46,179,1,1767722176
78,502,2,1767722176
72,107,3,1767722176
6,331,4,1767722176
10,27,5,1767722176
42,443,1,1767722176
16,458,2,1767722176
103,259,3,1767722176
63,220,4,1767722176
23,399,5,1767722176
44,402,1,1767722176
71,229,2,1767722176
75,121,3,1767722176
100,118,4,1767722176
8,1,5,1767722176
92,89,1,1767722176
80,310,2,1767722176
76,507,3,1767722176
106,448,4,1767722176
84,404,5,1767722176
69,498,1,1767722176
7,494,2,1767722176
70,400,3,1767722176
88,169,4,1767722176
12,486,5,1767722176
52,15,1,1767722176
83,329,2,1767722176
8,1,3,1767722176
48,391,4,1767722176
24,344,5,1767722176
100,449,1,1767722176
40,114,2,1767722176
33,368,3,1767722176
84,280,4,1767722176
72,261,5,1767722176
104,425,1,1767722176
63,272,2,1767722176
73,278,3,1767722176
42,410,4,1767722176
71,354,5,1767722176
66,114,1,1767722176
76,35,2,1767722176
104,33,3,1767722176
16,2,4,1767722176
7,148,5,1767722176
68,290,1,1767722176
83,504,2,1767722176
59,425,3,1767722176
49,463,4,1767722176
68,322,5,1767722176
87,340,1,1767722176
48,419,2,1767722176
105,475,3,1767722176
80,186,4,1767722176
55,105,5,1767722176
13,202,1,1767722176
66,35,2,1767722176
39,330,3,1767722176
78,470,4,1767722176
90,394,5,1767722176
37,313,1,1767722176
84,371,2,1767722176
7,510,3,1767722176
56,30,4,1767722176
46,324,5,1767722176
25,305,1,1767722176
94,308,2,1767722176
61,103,3,1767722176
70,105,4,1767722176
53,399,5,1767722176
7,404,1,1767722176
6,51,2,1767722176
16,257,3,1767722176
21,403,4,1767722176
9,1,5,1767722176
16,1,1,1767722176
91,106,2,1767722176
75,428,3,1767722176
48,76,4,1767722176
55,418,5,1767722176
39,231,1,1767722176
70,143,2,1767722176
17,318,3,1767722176
21,141,4,1767722176
33,236,5,1767722176
55,115,1,1767722176
76,392,2,1767722176
72,320,3,1767722176
29,483,4,1767722176
92,345,5,1767722176
51,71,1,1767722176
8,2,2,1767722176
23,345,3,1767722176
92,62,4,1767722176
87,369,5,1767722176
57,30,1,1767722176
103,301,2,1767722176
19,33,3,1767722176
90,197,4,1767722176
78,335,5,1767722176
77,473,1,1767722176
45,440,2,1767722176
103,429,3,1767722176
32,88,4,1767722176
85,179,5,1767722176
32,143,1,1767722176
67,51,2,1767722176
43,214,3,1767722176
12,2,4,1767722176
16,62,5,1767722176
59,288,1,1767722176
86,282,2,1767722176
52,437,3,1767722176
99,402,4,1767722176
60,360,5,1767722176
23,227,1,1767722176
66,292,2,1767722176
61,486,3,1767722176
95,448,4,1767722176
30,501,5,1767722176
55,246,1,1767722176
92,168,2,1767722176
13,2,3,1767722176
24,298,4,1767722176
43,332,5,1767722176
100,184,1,1767722176
41,61,2,1767722176
29,97,3,1767722176
29,401,4,1767722176
53,159,5,1767722176
41,367,1,1767722176
89,173,2,1767722176
44,477,3,1767722176
17,202,4,1767722176
20,316,5,1767722176
33,474,1,1767722176
88,89,2,1767722176
22,328,3,1767722176
91,6,4,1767722176
12,242,5,1767722176
46,5,1,1767722176
50,307,2,1767722176
84,263,3,1767722176
43,52,4,1767722176
47,509,5,1767722176
102,107,1,1767722176
68,465,2,1767722176
36,104,3,1767722176
34,400,4,1767722176
48,179,5,1767722176
13,1,1,1767722176
14,1,2,1767722176
103,193,3,1767722176
37,141,4,1767722176
64,101,5,1767722176
50,124,1,1767722176
101,255,2,1767722176
35,424,3,1767722176
32,313,4,1767722176
77,493,5,1767722176
20,277,1,1767722176
63,362,2,1767722176
50,434,3,1767722176
41,166,4,1767722176
75,510,5,1767722176
13,162,1,1767722176
92,323,2,1767722176
8,2,3,1767722176
84,423,4,1767722176
9,1,5,1767722176
77,43,1,1767722176
50,247,2,1767722176
34,287,3,1767722176
29,441,4,1767722176
75,382,4,1767722176
50,162,5,1767722176
50,346,1,1767722176
73,500,2,1767722176
89,145,3,1767722176
97,55,4,1767722176
92,497,5,1767722176
85,487,1,1767722176
36,267,2,1767722176
60,476,3,1767722176
75,34,4,1767722176
7,457,5,1767722176
97,281,1,1767722176
68,476,2,1767722176
29,454,3,1767722176
24,269,4,1767722176
25,210,5,1767722176
6,508,1,1767722176
22,326,2,1767722176
15,1,3,1767722176
79,25,4,1767722176
30,245,5,1767722176
90,459,1,1767722176
88,24,2,1767722176
104,400,3,1767722176
69,53,4,1767722176
15,1,5,1767722176
67,457,1,1767722176
28,212,2,1767722176
19,234,3,1767722176
80,182,4,1767722176
94,61,5,1767722176
28,420,1,1767722176
59,270,2,1767722176
100,504,3,1767722176
46,428,4,1767722176
73,350,5,1767722176
65,261,1,1767722176
92,113,2,1767722176
11,1,3,1767722176
69,333,4,1767722176
85,106,5,1767722176
54,208,1,1767722176
40,490,2,1767722176
88,1,3,1767722176
85,362,4,1767722176
59,38,5,1767722176
13,186,1,1767722176
38,435,2,1767722176
72,304,3,1767722176
85,454,4,1767722176
34,144,5,1767722176
33,410,1,1767722176
74,378,2,1767722176
79,481,3,1767722176
50,385,4,1767722176
99,448,5,1767722176
10,199,1,1767722176
35,114,2,1767722176
70,475,3,1767722176
63,67,4,1767722176
72,207,5,1767722176
75,290,1,1767722176
32,3,2,1767722176
106,288,3,1767722176
19,455,4,1767722176
63,60,5,1767722176
73,420,1,1767722176
53,233,2,1767722176
24,328,3,1767722176
15,129,4,1767722176
23,396,5,1767722176
24,475,1,1767722176
43,476,2,1767722176
41,20,3,1767722176
46,415,4,1767722176
105,318,5,1767722176
67,497,1,1767722176
9,1,2,1767722176
21,306,3,1767722176
58,229,4,1767722176
9,7,5,1767722176
74,395,1,1767722176
79,398,2,1767722176
9,55,3,1767722176
106,385,4,1767722176
9,384,5,1767722176
99,210,1,1767722176
85,341,2,1767722176
21,386,3,1767722176
106,206,4,1767722176
37,1,5,1767722176
9,226,1,1767722176
70,82,2,1767722176
58,167,3,1767722176
103,53,4,1767722176
54,282,5,1767722176
74,422,1,1767722176
51,224,3,1767722176
49,137,4,1767722176
75,411,5,1767722176
106,290,1,1767722176
24,159,2,1767722176
19,2,3,1767722176
77,175,4,1767722176
37,243,5,1767722176
74,159,1,1767722176
55,82,2,1767722176
30,354,3,1767722176
85,35,4,1767722176
6,71,5,1767722176
89,433,1,1767722176
34,122,2,1767722176
46,58,3,1767722176
24,76,4,1767722176
76,5,5,1767722176
72,487,1,1767722176
10,499,2,1767722176
56,1,3,1767722176
7,179,4,1767722176
100,191,5,1767722176
105,88,1,1767722176
58,254,2,1767722176
40,224,3,1767722176
56,1,5,1767722176
88,200,1,1767722176
6,1,2,1767722176
97,384,3,1767722176
12,278,4,1767722176
50,44,5,1767722176
43,360,1,1767722176
35,423,2,1767722176
88,331,3,1767722176
68,509,4,1767722176
7,391,5,1767722176
93,148,1,1767722176
77,378,2,1767722176
86,412,3,1767722176
71,431,4,1767722176
66,27,5,1767722176
25,418,1,1767722176
79,450,2,1767722176
46,473,3,1767722176
34,219,4,1767722176
94,204,5,1767722176
38,44,1,1767722176
72,100,2,1767722176
22,37,3,1767722176
79,243,4,1767722176
82,141,5,1767722176
52,136,1,1767722176
29,332,2,1767722176
22,262,3,1767722176
102,453,4,1767722176
97,109,5,1767722176
7,438,1,1767722176
35,153,2,1767722176
6,7,3,1767722176
17,32,4,1767722176
12,59,5,1767722176
29,124,1,1767722176
43,416,2,1767722176
48,239,3,1767722176
61,334,4,1767722176
20,1,5,1767722176
40,118,1,1767722176
57,195,2,1767722176
94,91,3,1767722176
22,127,4,1767722176
105,81,5,1767722176
61,185,1,1767722176
72,2,2,1767722176
58,435,3,1767722176
32,93,4,1767722176
84,118,5,1767722176
36,297,1,1767722176
73,178,2,1767722176
19,289,3,1767722176
12,2,4,1767722176
17,139,5,1767722176
53,230,1,1767722176
41,167,2,1767722176
10,462,3,1767722176
27,368,4,1767722176
103,497,5,1767722176
26,378,1,1767722176
40,42,2,1767722176
28,132,3,1767722176
6,214,4,1767722176
3,1,5,1767722176
46,145,1,1767722176
60,28,2,1767722176
54,124,3,1767722176
20,265,4,1767722176
93,343,5,1767722176
93,265,1,1767722176
6,2,2,1767722176
13,1,3,1767722176
67,41,4,1767722176
53,154,5,1767722176
90,203,1,1767722176
48,93,2,1767722176
9,1,3,1767722176
15,6,4,1767722176
51,39,5,1767722176
34,438,1,1767722176
84,406,2,1767722176
34,350,3,1767722176
45,146,4,1767722176
69,114,5,1767722176
102,242,1,1767722176
16,94,2,1767722176
14,1,3,1767722176
19,227,4,1767722176
80,298,5,1767722176
66,351,1,1767722176
27,53,2,1767722176
56,324,3,1767722176
12,143,4,1767722176
71,259,5,1767722176
105,402,1,1767722176
26,416,2,1767722176
102,412,3,1767722176
42,78,5,1767722176
79,212,1,1767722176
13,1,2,1767722176
86,484,3,1767722176
32,385,4,1767722176
97,488,5,1767722176
45,158,1,1767722176
98,199,2,1767722176
55,32,3,1767722176
31,202,4,1767722176
50,114,5,1767722176
103,338,1,1767722176
35,166,2,1767722176
45,204,3,1767722176
10,480,4,1767722176
28,159,5,1767722176
66,392,1,1767722176
6,426,2,1767722176
96,12,3,1767722176
59,119,4,1767722176
84,405,5,1767722176
65,90,1,1767722176
14,1,2,1767722176
97,443,3,1767722176
74,333,1,1767722176
21,256,4,1767722176
102,94,5,1767722176
77,362,1,1767722176
28,506,2,1767722176
94,358,3,1767722176
100,85,4,1767722176
33,371,5,1767722176
32,143,1,1767722176
85,449,2,1767722176
15,408,3,1767722176
40,192,4,1767722176
96,433,5,1767722176
38,424,1,1767722176
88,60,2,1767722176
87,404,3,1767722176
52,140,4,1767722176
13,1,5,1767722176
40,157,1,1767722176
38,233,2,1767722176
30,240,3,1767722176
48,65,4,1767722176
33,338,5,1767722176
58,244,1,1767722176
7,468,2,1767722176
21,297,3,1767722176
28,420,4,1767722176
31,135,5,1767722176
14,1,1,1767722176
49,103,2,1767722176
59,309,3,1767722176
27,272,4,1767722176
67,488,5,1767722176
98,242,1,1767722176
99,77,2,1767722176
94,312,3,1767722176
54,366,4,1767722176
17,390,5,1767722176
6,161,1,1767722176
106,114,2,1767722176
65,481,3,1767722176
91,81,4,1767722176
84,309,5,1767722176
9,304,1,1767722176
15,2,2,1767722176
99,245,3,1767722176
34,252,4,1767722176
90,25,5,1767722176
73,268,1,1767722176
22,29,2,1767722176
71,186,3,1767722176
33,418,4,1767722176
13,194,5,1767722176
103,330,1,1767722176
89,342,2,1767722176
70,385,3,1767722176
31,451,4,1767722176
105,126,5,1767722176
106,288,1,1767722176
80,405,2,1767722176
84,112,3,1767722176
44,477,4,1767722176
19,43,5,1767722176
91,22,2,1767722176
100,35,3,1767722176
24,319,4,1767722176
27,261,5,1767722176
40,498,1,1767722176
80,162,2,1767722176
75,485,3,1767722176
98,482,4,1767722176
97,431,5,1767722176
19,352,1,1767722176
18,2,2,1767722176
20,307,3,1767722176
81,163,4,1767722176
68,85,5,1767722176
66,470,1,1767722176
53,96,2,1767722176
69,282,3,1767722176
48,355,4,1767722176
21,216,5,1767722176
88,51,1,1767722176
62,484,2,1767722176
72,105,3,1767722176
27,37,4,1767722176
31,273,5,1767722176
65,343,1,1767722176
33,383,2,1767722176
59,506,3,1767722176
6,408,4,1767722176
7,165,5,1767722176
28,385,1,1767722176
22,91,2,1767722176
20,37,3,1767722176
31,195,4,1767722176
34,267,5,1767722176
7,1,1,1767722176
58,257,2,1767722176
89,182,3,1767722176
7,490,4,1767722176
82,315,5,1767722176
84,462,1,1767722176
101,444,2,1767722176
78,386,3,1767722176
75,230,4,1767722176
74,14,5,1767722176
80,58,1,1767722176
37,498,2,1767722176
95,205,3,1767722176
37,199,4,1767722176
8,1,5,1767722176
102,280,1,1767722176
11,1,2,1767722176
63,103,3,1767722176
32,184,4,1767722176
60,145,5,1767722176
43,5,1,1767722176
83,256,2,1767722176
68,488,3,1767722176
16,17,4,1767722176
61,303,5,1767722176
4,1,1,1767722176
16,2,2,1767722176
7,464,3,1767722176
29,20,4,1767722176
29,374,5,1767722176
26,201,1,1767722176
18,2,2,1767722176
77,431,3,1767722176
33,439,4,1767722176
96,410,5,1767722176
51,5,1,1767722176
106,270,2,1767722176
73,284,3,1767722176
25,218,4,1767722176
21,504,5,1767722176
49,196,1,1767722176
63,83,2,1767722176
6,208,3,1767722176
25,299,4,1767722176
15,272,5,1767722176
82,126,1,1767722176
81,324,2,1767722176
88,450,3,1767722176
37,447,4,1767722176
59,129,5,1767722176
25,60,1,1767722176
105,347,2,1767722176
92,426,3,1767722176
29,174,4,1767722176
49,231,5,1767722176
74,459,1,1767722176
34,39,2,1767722176
56,467,4,1767722176
23,379,5,1767722176
37,507,1,1767722176
40,377,2,1767722176
63,49,3,1767722176
47,444,4,1767722176
17,55,5,1767722176
60,161,1,1767722176
81,323,2,1767722176
6,452,3,1767722176
55,126,4,1767722176
77,294,5,1767722176
92,25,1,1767722176
76,262,2,1767722176
52,123,3,1767722176
18,2,4,1767722176
64,91,5,1767722176
43,429,1,1767722176
31,476,2,1767722176
107,458,3,1767722176
105,50,4,1767722176
70,423,5,1767722176
49,476,1,1767722176
51,255,2,1767722176
31,17,3,1767722176
33,120,4,1767722176
38,462,5,1767722176
76,370,1,1767722176
60,242,2,1767722176
30,61,3,1767722176
101,234,4,1767722176
83,54,5,1767722176
100,487,1,1767722176
28,113,2,1767722176
22,148,3,1767722176
82,106,4,1767722176
71,291,5,1767722176
47,161,1,1767722176
43,453,2,1767722176
30,59,3,1767722176
34,471,4,1767722176
106,492,5,1767722176
93,25,1,1767722176
55,264,2,1767722176
40,192,3,1767722176
106,424,4,1767722176
81,230,5,1767722176
8,1,1,1767722176
91,378,2,1767722176
80,17,3,1767722176
45,180,4,1767722176
56,169,5,1767722176
6,202,1,1767722176
89,122,2,1767722176
58,128,3,1767722176
95,433,4,1767722176
81,5,5,1767722176
40,255,1,1767722176
67,172,2,1767722176
52,351,3,1767722176
66,354,4,1767722176
85,164,5,1767722176
98,507,1,1767722176
40,442,2,1767722176
11,2,3,1767722176
38,483,4,1767722176
69,93,5,1767722176
73,12,1,1767722176
68,194,2,1767722176
97,367,3,1767722176
23,230,4,1767722176
102,265,5,1767722176
93,46,1,1767722176
74,253,2,1767722176
37,86,3,1767722176
40,323,4,1767722176
39,362,5,1767722176
6,352,1,1767722176
49,435,2,1767722176
32,168,3,1767722176
107,237,4,1767722176
79,330,5,1767722176
93,343,1,1767722176
96,38,2,1767722176
43,263,3,1767722176
30,26,4,1767722176
6,403,5,1767722176
54,482,1,1767722176
10,1,2,1767722176
58,169,3,1767722176
25,439,4,1767722176
77,21,5,1767722176
39,82,1,1767722176
64,207,2,1767722176
30,100,3,1767722176
72,416,4,1767722176
17,1,5,1767722176
40,150,1,1767722176
29,485,2,1767722176
57,163,3,1767722176
68,28,4,1767722176
4,2,5,1767722176
61,472,1,1767722176
50,338,2,1767722176
64,308,3,1767722176
36,173,4,1767722176
32,149,5,1767722176
36,436,1,1767722176
40,420,2,1767722176
84,498,3,1767722176
67,261,4,1767722176
28,269,5,1767722176
17,1,1,1767722176
12,3,2,1767722176
7,154,3,1767722176
73,191,4,1767722176
62,271,5,1767722176
89,251,1,1767722176
103,274,2,1767722176
63,58,3,1767722176
6,421,4,1767722176
52,246,5,1767722176
104,309,1,1767722176
7,128,2,1767722176
17,277,3,1767722176
105,1,4,1767722176
16,374,5,1767722176
50,314,1,1767722176
13,97,2,1767722176
97,169,3,1767722176
19,385,4,1767722176
77,486,5,1767722176
68,85,1,1767722176
38,500,2,1767722176
44,389,3,1767722176
21,359,4,1767722176
65,234,5,1767722176
10,1,1,1767722176
88,19,2,1767722176
32,13,3,1767722176
99,235,4,1767722176
92,128,5,1767722176
25,446,1,1767722176
27,337,2,1767722176
13,223,3,1767722176
95,185,4,1767722176
32,100,5,1767722176
71,270,1,1767722176
12,63,2,1767722176
97,149,3,1767722176
66,509,4,1767722176
8,1,5,1767722176
91,94,1,1767722176
84,337,2,1767722176
52,379,3,1767722176
80,366,4,1767722176
82,116,5,1767722176
20,320,1,1767722176
32,285,2,1767722176
84,220,3,1767722176
54,226,4,1767722176
8,2,5,1767722176
107,401,1,1767722176
17,120,2,1767722176
52,85,3,1767722176
29,114,4,1767722176
4,1,5,1767722176
24,385,1,1767722176
55,262,2,1767722176
63,500,3,1767722176
64,314,4,1767722176
54,299,5,1767722176
72,122,1,1767722176
86,141,2,1767722176
71,233,3,1767722176
73,208,4,1767722176
80,259,5,1767722176
52,108,1,1767722176
45,60,2,1767722176
41,439,3,1767722176
12,484,4,1767722176
31,21,5,1767722176
26,156,1,1767722176
59,1,2,1767722176
36,480,3,1767722176
12,94,4,1767722176
74,7,5,1767722176
106,133,1,1767722176
28,1,2,1767722176
15,153,3,1767722176
97,419,4,1767722176
72,37,5,1767722176
101,343,1,1767722176
51,487,2,1767722176
38,438,3,1767722176
68,187,4,1767722176
35,15,5,1767722176
49,97,1,1767722176
51,68,2,1767722176
90,137,3,1767722176
70,288,4,1767722176
82,205,5,1767722176
89,465,1,1767722176
24,136,2,1767722176
12,501,3,1767722176
36,223,4,1767722176
37,118,5,1767722176
102,382,1,1767722176
42,192,2,1767722176
46,402,3,1767722176
6,206,4,1767722176
99,68,5,1767722176
41,300,1,1767722176
69,325,2,1767722176
104,55,3,1767722176
82,13,4,1767722176
52,377,5,1767722176
65,52,1,1767722176
71,4,2,1767722176
105,425,3,1767722176
22,394,4,1767722176
37,100,5,1767722176
94,495,1,1767722176
89,224,2,1767722176
28,184,3,1767722176
58,24,4,1767722176
66,476,5,1767722176
18,2,1,1767722176
20,473,2,1767722176
107,364,3,1767722176
42,492,4,1767722176
22,61,5,1767722176
47,143,1,1767722176
38,225,2,1767722176
35,251,3,1767722176
57,86,4,1767722176
62,465,5,1767722176
98,107,1,1767722176
86,102,2,1767722176
91,200,3,1767722176
74,358,4,1767722176
57,290,5,1767722176
38,21,1,1767722176
8,1,2,1767722176
68,425,3,1767722176
65,195,4,1767722176
34,171,5,1767722176
73,290,2,1767722176
93,51,3,1767722176
21,448,4,1767722176
104,455,5,1767722176
44,391,1,1767722176
31,449,2,1767722176
50,208,3,1767722176
44,324,4,1767722176
34,3,5,1767722176
62,285,1,1767722176
6,195,2,1767722176
71,235,3,1767722176
81,313,4,1767722176
91,264,5,1767722176
72,70,1,1767722176
82,6,2,1767722176
80,5,3,1767722176
97,414,4,1767722176
96,233,5,1767722176
80,471,1,1767722176
51,233,2,1767722176
69,343,3,1767722176
94,338,4,1767722176
28,366,5,1767722176
26,248,1,1767722176
90,118,2,1767722176
93,423,3,1767722176
32,421,4,1767722176
37,384,5,1767722176
42,41,1,1767722176
19,263,2,1767722176
9,421,3,1767722176
45,3,4,1767722176
18,1,5,1767722176
34,214,1,1767722176
50,112,2,1767722176
67,158,3,1767722176
100,26,4,1767722176
34,318,5,1767722176
49,229,1,1767722176
80,507,2,1767722176
20,269,3,1767722176
86,108,4,1767722176
106,415,5,1767722176
64,167,1,1767722176
36,123,2,1767722176
102,239,3,1767722176
35,465,4,1767722176
21,464,5,1767722176
82,82,1,1767722176
23,487,2,1767722176
93,203,3,1767722176
3,1,4,1767722176
59,311,5,1767722176
59,70,1,1767722176
21,98,2,1767722176
19,443,3,1767722176
105,288,4,1767722176
41,180,5,1767722176
3,1,1,1767722176
73,473,2,1767722176
59,362,3,1767722176
44,264,4,1767722176
19,1,5,1767722176
55,139,1,1767722176
42,14,2,1767722176
63,227,3,1767722176
81,403,4,1767722176
94,271,5,1767722176
54,140,1,1767722176
73,196,2,1767722176
88,313,3,1767722176
6,2,4,1767722176
94,292,5,1767722176
104,88,1,1767722176
15,2,2,1767722176
30,186,3,1767722176
57,504,4,1767722176
83,2,5,1767722176
93,197,1,1767722176
68,50,2,1767722176
51,143,3,1767722176
104,277,4,1767722176
39,107,5,1767722176
82,446,1,1767722176
88,55,2,1767722176
47,350,3,1767722176
57,186,4,1767722176
51,231,5,1767722176
93,421,1,1767722176
43,346,2,1767722176
56,400,3,1767722176
60,437,4,1767722176
20,243,5,1767722176
78,155,1,1767722176
15,91,2,1767722176
23,17,3,1767722176
50,149,4,1767722176
29,470,5,1767722176
26,253,1,1767722176
54,243,2,1767722176
95,6,3,1767722176
17,210,4,1767722176
13,1,5,1767722176
60,405,1,1767722176
78,404,2,1767722176
46,444,3,1767722176
52,91,4,1767722176
30,510,5,1767722176
20,497,1,1767722176
62,72,2,1767722176
51,151,3,1767722176
61,16,4,1767722176
103,110,5,1767722176
67,108,1,1767722176
34,109,2,1767722176
43,281,3,1767722176
65,367,4,1767722176
90,320,5,1767722176
15,287,1,1767722176
16,463,2,1767722176
58,154,3,1767722176
81,282,4,1767722176
33,366,5,1767722176
72,263,1,1767722176
48,337,2,1767722176
6,188,3,1767722176
37,156,4,1767722176
61,60,5,1767722176
30,468,1,1767722176
60,328,2,1767722176
48,472,3,1767722176
15,47,4,1767722176
44,343,5,1767722176
24,137,1,1767722176
38,95,2,1767722176
27,490,3,1767722176
47,83,4,1767722176
25,497,5,1767722176
66,216,1,1767722176
10,462,2,1767722176
70,15,3,1767722176
26,291,4,1767722176
54,431,5,1767722176
95,363,1,1767722176
85,1,2,1767722176
13,447,3,1767722176
21,345,4,1767722176
54,297,5,1767722176
69,185,1,1767722176
80,96,2,1767722176
38,313,3,1767722176
102,367,4,1767722176
102,104,5,1767722176
42,406,1,1767722176
26,494,2,1767722176
65,224,3,1767722176
61,175,4,1767722176
19,1,5,1767722176
81,190,1,1767722176
23,112,2,1767722176
21,158,3,1767722176
65,147,4,1767722176
83,340,5,1767722176
89,299,1,1767722176
43,350,2,1767722176
25,107,3,1767722176
30,184,4,1767722176
36,88,5,1767722176
30,311,1,1767722176
20,1,2,1767722176
46,434,3,1767722176
106,173,4,1767722176
38,54,5,1767722176
102,271,1,1767722176
75,389,2,1767722176
16,200,3,1767722176
82,188,4,1767722176
53,119,5,1767722176
37,4,1,1767722176
28,463,2,1767722176
67,351,3,1767722176
9,1,4,1767722176
96,345,5,1767722176
104,191,1,1767722176
77,263,2,1767722176
62,338,3,1767722176
13,40,4,1767722176
87,355,5,1767722176
61,277,1,1767722176
107,179,2,1767722176
64,5,3,1767722176
53,159,4,1767722176
91,88,5,1767722176
15,185,1,1767722176
62,344,2,1767722176
65,200,3,1767722176
83,307,4,1767722176
26,143,5,1767722176
17,113,1,1767722176
26,37,2,1767722176
44,204,3,1767722176
71,145,4,1767722176
58,155,5,1767722176
75,59,1,1767722176
102,62,2,1767722176
75,457,3,1767722176
70,376,4,1767722176
22,229,5,1767722176
83,102,1,1767722176
78,442,2,1767722176
54,266,3,1767722176
34,355,4,1767722176
107,296,5,1767722176
44,307,1,1767722176
39,434,2,1767722176
81,460,3,1767722176
20,113,4,1767722176
57,467,5,1767722176
88,101,1,1767722176
33,408,2,1767722176
22,162,3,1767722176
79,241,4,1767722176
6,419,5,1767722176
83,392,1,1767722176
97,301,2,1767722176
24,289,3,1767722176
104,357,4,1767722176
12,199,5,1767722176
10,295,1,1767722176
11,1,2,1767722176
22,90,3,1767722176
76,480,4,1767722176
102,351,5,1767722176
21,500,1,1767722176
98,489,2,1767722176
82,100,3,1767722176
17,1,4,1767722176
17,449,5,1767722176
5,1,1,1767722176
49,493,2,1767722176
10,500,3,1767722176
88,137,4,1767722176
65,485,5,1767722176
6,1,1,1767722176
21,354,2,1767722176
27,214,3,1767722176
85,6,4,1767722176
29,273,5,1767722176
70,314,1,1767722176
46,494,2,1767722176
102,149,3,1767722176
24,51,4,1767722176
10,254,5,1767722176
61,241,1,1767722176
9,1,2,1767722176
28,63,3,1767722176
33,216,4,1767722176
60,482,5,1767722176
89,208,1,1767722176
62,181,2,1767722176
62,335,3,1767722176
101,473,4,1767722176
39,122,5,1767722176
12,396,1,1767722176
84,263,2,1767722176
12,350,3,1767722176
21,351,4,1767722176
45,76,5,1767722176
78,92,1,1767722176
47,462,2,1767722176
88,492,3,1767722176
38,224,4,1767722176
16,1,5,1767722176
88,386,1,1767722176
68,145,2,1767722176
107,406,3,1767722176
89,66,4,1767722176
85,149,5,1767722176
84,506,1,1767722176
53,483,2,1767722176
104,5,3,1767722176
22,188,4,1767722176
42,132,5,1767722176
41,374,1,1767722176
40,457,2,1767722176
105,38,3,1767722176
62,274,4,1767722176
6,291,5,1767722176
33,194,1,1767722176
71,20,2,1767722176
49,168,3,1767722176
17,1,4,1767722176
99,131,5,1767722176
94,173,1,1767722176
42,223,2,1767722176
19,1,3,1767722176
9,1,4,1767722176
107,47,5,1767722176
95,116,1,1767722176
71,465,2,1767722176
77,272,3,1767722176
9,1,4,1767722176
42,12,5,1767722176
104,166,1,1767722176
23,359,2,1767722176
45,408,3,1767722176
46,166,4,1767722176
97,504,5,1767722176
13,493,1,1767722176
36,6,2,1767722176
37,330,3,1767722176
3,1,4,1767722176
50,132,5,1767722176
37,106,1,1767722176
58,421,2,1767722176
9,150,3,1767722176
74,14,4,1767722176
77,179,5,1767722176
47,176,1,1767722176
19,10,2,1767722176
70,490,3,1767722176
94,300,4,1767722176
74,141,5,1767722176
52,43,1,1767722176
9,358,2,1767722176
34,5,3,1767722176
92,243,4,1767722176
60,177,5,1767722176
20,151,1,1767722176
15,1,2,1767722176
104,330,3,1767722176
15,1,4,1767722176
35,131,5,1767722176
29,463,1,1767722176
101,473,2,1767722176
15,281,3,1767722176
82,232,4,1767722176
53,92,5,1767722176
16,280,1,1767722176
32,426,2,1767722176
30,451,3,1767722176
70,201,4,1767722176
84,170,5,1767722176
12,422,1,1767722176
88,480,2,1767722176
17,132,3,1767722176
59,123,4,1767722176
91,315,5,1767722176
61,13,1,1767722176
101,436,2,1767722176
26,140,3,1767722176
98,242,4,1767722176
35,463,5,1767722176
51,362,1,1767722176
6,473,2,1767722176
50,23,3,1767722176
59,120,4,1767722176
23,236,5,1767722176
101,350,1,1767722176
73,4,2,1767722176
16,330,3,1767722176
56,410,4,1767722176
76,481,5,1767722176
41,216,1,1767722176
96,287,2,1767722176
77,42,3,1767722176
9,35,4,1767722176
97,378,5,1767722176
72,499,1,1767722176
22,34,2,1767722176
69,88,3,1767722176
49,234,4,1767722176
35,137,5,1767722176
12,24,1,1767722176
30,229,2,1767722176
18,2,3,1767722176
89,139,4,1767722176
93,482,5,1767722176
22,406,1,1767722176
17,490,2,1767722176
9,230,3,1767722176
55,67,4,1767722176
81,395,5,1767722176
65,94,1,1767722176
46,133,2,1767722176
60,202,3,1767722176
72,100,4,1767722176
102,214,5,1767722176
103,10,1,1767722176
31,119,2,1767722176
9,1,3,1767722176
39,497,4,1767722176
30,413,5,1767722176
69,233,1,1767722176
42,416,2,1767722176
70,5,3,1767722176
54,443,4,1767722176
71,82,5,1767722176
4,1,1,1767722176
43,420,2,1767722176
68,243,3,1767722176
32,398,4,1767722176
52,291,5,1767722176
10,2,1,1767722176
16,24,2,1767722176
42,504,3,1767722176
64,95,4,1767722176
42,163,5,1767722176
92,42,1,1767722176
61,195,2,1767722176
49,21,3,1767722176
26,155,4,1767722176
18,1,5,1767722176
82,138,1,1767722176
21,390,2,1767722176
31,450,3,1767722176
84,216,4,1767722176
10,293,5,1767722176
97,225,1,1767722176
98,82,2,1767722176
96,383,3,1767722176
22,464,4,1767722176
73,200,5,1767722176
25,52,1,1767722176
45,63,2,1767722176
7,510,3,1767722176
79,46,4,1767722176
92,293,5,1767722176
7,466,1,1767722176
31,161,2,1767722176
15,115,3,1767722176
44,337,4,1767722176
75,395,5,1767722176
28,71,1,1767722176
87,415,2,1767722176
35,49,3,1767722176
34,34,4,1767722176
65,398,5,1767722176
17,1,1,1767722176
71,4,2,1767722176
11,1,3,1767722176
22,368,4,1767722176
28,319,5,1767722176
13,407,1,1767722176
72,313,2,1767722176
66,217,3,1767722176
86,418,4,1767722176
82,106,5,1767722176
4,1,1,1767722176
21,100,2,1767722176
60,474,3,1767722176
49,124,4,1767722176
84,312,5,1767722176
35,379,1,1767722176
37,274,2,1767722176
9,119,3,1767722176
33,72,4,1767722176
66,397,5,1767722176
99,44,1,1767722176
36,437,2,1767722176
89,150,3,1767722176
4,2,4,1767722176
29,178,5,1767722176
86,47,1,1767722176
102,341,2,1767722176
32,431,3,1767722176
74,254,4,1767722176
74,265,5,1767722176
65,365,1,1767722176
49,400,2,1767722176
15,146,3,1767722176
65,439,4,1767722176
78,480,5,1767722176
89,35,1,1767722176
102,239,2,1767722176
61,433,3,1767722176
7,328,4,1767722176
23,312,5,1767722176
104,179,1,1767722176
54,143,2,1767722176
81,349,3,1767722176
94,417,4,1767722176
17,470,5,1767722176
103,252,1,1767722176
10,294,2,1767722176
10,1,3,1767722176
106,311,4,1767722176
106,94,5,1767722176
28,462,1,1767722176
17,104,2,1767722176
16,2,3,1767722176
55,393,4,1767722176
78,435,5,1767722176
96,431,1,1767722176
22,303,2,1767722176
54,302,3,1767722176
56,141,4,1767722176
46,185,5,1767722176
106,102,1,1767722176
7,1,2,1767722176
47,149,3,1767722176
72,469,4,1767722176
60,264,5,1767722176
68,282,1,1767722176
15,1,2,1767722176
67,408,3,1767722176
25,414,4,1767722176
19,2,5,1767722176
103,493,1,1767722176
13,1,2,1767722176
97,264,3,1767722176
22,162,4,1767722176
101,111,5,1767722176
28,172,1,1767722176
33,61,2,1767722176
57,506,3,1767722176
41,500,4,1767722176
70,474,5,1767722176
20,157,1,1767722176
9,188,2,1767722176
48,19,3,1767722176
16,328,4,1767722176
23,110,5,1767722176
50,111,1,1767722176
37,406,2,1767722176
37,10,3,1767722176
66,175,4,1767722176
47,39,5,1767722176
61,492,1,1767722176
17,229,2,1767722176
51,369,3,1767722176
31,251,4,1767722176
79,79,5,1767722176
88,277,1,1767722176
25,210,2,1767722176
87,233,3,1767722176
45,108,4,1767722176
73,484,5,1767722176
69,498,1,1767722176
29,296,2,1767722176
86,307,3,1767722176
10,72,4,1767722176
51,291,5,1767722176
70,178,1,1767722176
21,272,2,1767722176
47,419,3,1767722176
16,1,4,1767722176
71,163,5,1767722176
71,96,1,1767722176
12,1,2,1767722176
12,411,3,1767722176
19,487,4,1767722176
23,309,5,1767722176
20,182,1,1767722176
13,344,3,1767722176
65,175,4,1767722176
95,188,5,1767722176
57,159,1,1767722176
51,366,2,1767722176
76,450,3,1767722176
37,371,4,1767722176
36,162,5,1767722176
80,317,1,1767722176
32,164,2,1767722176
77,97,3,1767722176
42,457,4,1767722176
77,445,5,1767722176
100,284,1,1767722176
72,252,2,1767722176
73,96,3,1767722176
90,472,4,1767722176
7,1,5,1767722176
12,306,1,1767722176
32,500,2,1767722176
24,406,3,1767722176
13,211,4,1767722176
46,441,5,1767722176
87,462,1,1767722176
29,249,2,1767722176
61,402,3,1767722176
25,453,4,1767722176
65,478,5,1767722176
85,240,1,1767722176
43,205,2,1767722176
40,44,3,1767722176
38,174,4,1767722176
73,367,5,1767722176
43,355,1,1767722176
57,484,2,1767722176
70,147,3,1767722176
93,57,4,1767722176
66,268,5,1767722176
64,55,1,1767722176
35,410,2,1767722176
94,29,3,1767722176
97,365,4,1767722176
31,149,5,1767722176
22,251,1,1767722176
75,410,2,1767722176
73,301,3,1767722176
82,182,4,1767722176
3,1,5,1767722176
102,447,1,1767722176
29,20,2,1767722176
37,39,3,1767722176
67,32,4,1767722176
101,273,5,1767722176
20,382,1,1767722176
49,451,2,1767722176
103,214,3,1767722176
80,96,4,1767722176
13,1,5,1767722176
16,223,1,1767722176
52,121,2,1767722176
79,331,3,1767722176
30,71,4,1767722176
69,467,5,1767722176
105,318,1,1767722176
55,289,2,1767722176
10,2,3,1767722176
77,124,4,1767722176
63,474,5,1767722176
75,448,1,1767722176
31,155,2,1767722176
47,142,3,1767722176
60,391,4,1767722176
72,282,5,1767722176
34,81,1,1767722176
43,86,2,1767722176
56,12,3,1767722176
64,322,4,1767722176
37,221,5,1767722176
10,2,1,1767722176
54,199,2,1767722176
50,485,3,1767722176
7,142,4,1767722176
91,221,5,1767722176
46,87,1,1767722176
77,43,2,1767722176
61,219,3,1767722176
40,333,4,1767722176
95,259,5,1767722176
103,93,1,1767722176
73,429,2,1767722176
19,315,3,1767722176
66,334,4,1767722176
45,331,5,1767722176
71,462,1,1767722176
35,277,2,1767722176
63,112,3,1767722176
106,347,4,1767722176
11,2,5,1767722176
105,161,1,1767722176
105,212,2,1767722176
68,219,3,1767722176
101,150,4,1767722176
16,2,5,1767722176
103,137,1,1767722176
52,405,2,1767722176
6,306,3,1767722176
45,490,4,1767722176
96,485,5,1767722176
13,305,1,1767722176
87,41,2,1767722176
13,310,3,1767722176
105,23,4,1767722176
21,437,5,1767722176
96,104,1,1767722176
28,496,2,1767722176
90,41,3,1767722176
6,1,4,1767722176
17,132,5,1767722176
37,394,1,1767722176
9,140,2,1767722176
54,211,3,1767722176
42,148,4,1767722176
82,396,5,1767722176
17,331,1,1767722176
102,44,2,1767722176
22,164,3,1767722176
59,100,4,1767722176
91,420,5,1767722176
27,492,1,1767722176
14,1,2,1767722176
68,376,3,1767722176
28,407,4,1767722176
30,6,5,1767722176
22,265,1,1767722176
68,159,2,1767722176
65,175,3,1767722176
65,70,4,1767722176
25,416,5,1767722176
101,177,1,1767722176
53,110,2,1767722176
17,354,3,1767722176
34,311,4,1767722176
27,59,5,1767722176
25,328,1,1767722176
39,396,2,1767722176
71,378,3,1767722176
67,298,4,1767722176
77,457,5,1767722176
106,248,1,1767722176
93,414,2,1767722176
63,72,3,1767722176
35,486,4,1767722176
102,22,5,1767722176
36,269,1,1767722176
96,32,2,1767722176
34,173,3,1767722176
68,439,4,1767722176
13,449,5,1767722176
52,69,1,1767722176
20,30,2,1767722176
87,449,3,1767722176
103,11,4,1767722176
30,406,5,1767722176
48,69,1,1767722176
17,40,2,1767722176
25,454,3,1767722176
86,455,4,1767722176
12,125,5,1767722176
12,443,1,1767722176
64,162,2,1767722176
84,462,3,1767722176
94,49,4,1767722176
88,464,5,1767722176
37,449,1,1767722176
17,2,2,1767722176
21,239,3,1767722176
105,396,4,1767722176
19,1,5,1767722176
65,298,1,1767722176
77,288,2,1767722176
28,451,3,1767722176
101,387,4,1767722176
89,24,5,1767722176
48,420,2,1767722176
61,234,3,1767722176
48,485,4,1767722176
93,381,5,1767722176
105,259,1,1767722176
96,2,2,1767722176
104,112,3,1767722176
49,412,4,1767722176
107,71,5,1767722176
7,462,1,1767722176
21,317,2,1767722176
73,40,3,1767722176
46,236,4,1767722176
91,41,5,1767722176
26,268,1,1767722176
85,211,2,1767722176
58,367,3,1767722176
48,402,4,1767722176
94,328,5,1767722176
70,155,1,1767722176
56,81,2,1767722176
104,19,3,1767722176
48,143,4,1767722176
49,13,5,1767722176
22,320,1,1767722176
5,1,2,1767722176
86,170,3,1767722176
29,282,4,1767722176
93,280,5,1767722176
41,251,1,1767722176
47,266,2,1767722176
23,164,3,1767722176
88,155,4,1767722176
53,459,5,1767722176
99,172,1,1767722176
80,71,2,1767722176
19,29,3,1767722176
102,486,4,1767722176
83,230,5,1767722176
100,294,1,1767722176
25,435,2,1767722176
20,172,3,1767722176
68,125,4,1767722176
27,83,5,1767722176
57,293,1,1767722176
26,3,2,1767722176
101,488,3,1767722176
28,33,4,1767722176
20,1,5,1767722176
78,181,1,1767722176
19,2,2,1767722176
58,119,3,1767722176
94,161,4,1767722176
17,195,5,1767722176
90,40,1,1767722176
50,59,2,1767722176
107,136,3,1767722176
71,55,4,1767722176
88,62,5,1767722176
67,442,1,1767722176
42,357,2,1767722176
14,1,3,1767722176
89,79,4,1767722176
50,218,5,1767722176
21,135,1,1767722176
103,428,2,1767722176
70,339,3,1767722176
106,97,4,1767722176
45,494,5,1767722176
84,169,1,1767722176
48,124,2,1767722176
40,227,3,1767722176
87,295,4,1767722176
103,326,5,1767722176
81,195,1,1767722176
54,269,2,1767722176
46,301,3,1767722176
93,136,4,1767722176
31,407,5,1767722176
53,386,1,1767722176
42,158,2,1767722176
45,14,3,1767722176
46,95,4,1767722176
61,333,5,1767722176
51,281,1,1767722176
86,274,2,1767722176
71,224,3,1767722176
33,10,4,1767722176
95,32,5,1767722176
60,77,1,1767722176
70,29,2,1767722176
94,43,3,1767722176
71,96,4,1767722176
81,382,5,1767722176
67,393,1,1767722176
95,195,2,1767722176
81,375,3,1767722176
54,497,4,1767722176
65,415,5,1767722176
60,278,1,1767722176
24,280,2,1767722176
71,144,3,1767722176
27,112,4,1767722176
56,233,5,1767722176
52,274,1,1767722176
47,257,2,1767722176
75,359,3,1767722176
53,425,4,1767722176
61,306,5,1767722176
3,1,1,1767722176
12,288,2,1767722176
42,69,3,1767722176
5,2,4,1767722176
87,339,5,1767722176
29,507,1,1767722176
61,364,2,1767722176
86,399,3,1767722176
3,1,4,1767722176
76,4,5,1767722176
82,150,1,1767722176
65,158,2,1767722176
58,340,3,1767722176
49,326,4,1767722176
84,398,5,1767722176
54,51,1,1767722176
38,212,2,1767722176
86,481,3,1767722176
65,406,4,1767722176
56,390,5,1767722176
5,1,1,1767722176
78,5,2,1767722176
75,56,3,1767722176
78,91,4,1767722176
76,93,5,1767722176
61,156,1,1767722176
45,166,2,1767722176
97,431,3,1767722176
52,120,4,1767722176
38,263,5,1767722176
21,310,1,1767722176
14,1,2,1767722176
54,331,3,1767722176
107,357,4,1767722176
40,49,5,1767722176
19,1,1,1767722176
34,458,2,1767722176
44,195,3,1767722176
59,507,4,1767722176
10,2,5,1767722176
49,510,1,1767722176
50,57,2,1767722176
54,355,3,1767722176
42,392,4,1767722176
50,420,5,1767722176
56,87,1,1767722176
105,82,2,1767722176
71,386,3,1767722176
14,1,4,1767722176
98,418,5,1767722176
52,112,1,1767722176
10,67,2,1767722176
66,91,3,1767722176
48,451,4,1767722176
45,63,5,1767722176
6,1,1,1767722176
28,319,2,1767722176
59,357,3,1767722176
80,86,4,1767722176
102,233,5,1767722176
102,29,1,1767722176
96,364,2,1767722176
67,259,3,1767722176
87,416,4,1767722176
17,507,5,1767722176
6,157,1,1767722176
35,483,2,1767722176
62,277,3,1767722176
35,3,4,1767722176
27,7,5,1767722176
91,337,1,1767722176
97,334,2,1767722176
43,167,3,1767722176
101,136,4,1767722176
82,205,5,1767722176
51,227,1,1767722176
91,257,2,1767722176
38,170,3,1767722176
70,100,5,1767722176
87,3,1,1767722176
26,63,2,1767722176
40,131,3,1767722176
15,118,4,1767722176
73,65,5,1767722176
87,168,1,1767722176
59,290,2,1767722176
106,284,3,1767722176
25,317,4,1767722176
56,229,5,1767722176
6,350,1,1767722176
91,56,2,1767722176
62,369,3,1767722176
7,1,4,1767722176
64,37,5,1767722176
44,272,1,1767722176
66,254,2,1767722176
50,81,3,1767722176
25,101,4,1767722176
5,2,5,1767722176
38,281,1,1767722176
69,455,2,1767722176
72,88,3,1767722176
42,230,4,1767722176
72,207,5,1767722176
27,169,1,1767722176
43,308,2,1767722176
34,322,3,1767722176
57,177,4,1767722176
7,406,5,1767722176
67,505,1,1767722176
84,256,2,1767722176
90,225,3,1767722176
5,2,4,1767722176
59,54,5,1767722176
66,217,1,1767722176
101,391,2,1767722176
10,201,3,1767722176
23,23,4,1767722176
72,156,5,1767722176
28,207,1,1767722176
38,107,2,1767722176
65,488,3,1767722176
16,2,4,1767722176
73,259,5,1767722176
73,296,1,1767722176
59,4,2,1767722176
101,164,3,1767722176
82,305,4,1767722176
19,1,5,1767722176
54,282,1,1767722176
10,244,2,1767722176
92,222,3,1767722176
47,145,4,1767722176
65,104,5,1767722176
86,5,1,1767722176
42,198,2,1767722176
34,319,3,1767722176
63,256,4,1767722176
93,492,5,1767722176
71,426,1,1767722176
12,63,2,1767722176
31,135,3,1767722176
65,27,4,1767722176
66,331,5,1767722176
62,347,1,1767722176
25,442,2,1767722176
9,504,3,1767722176
90,243,4,1767722176
54,217,5,1767722176
84,418,1,1767722176
41,181,2,1767722176
92,408,3,1767722176
98,93,4,1767722176
39,493,5,1767722176
79,472,1,1767722176
17,1,2,1767722176
23,113,3,1767722176
12,357,4,1767722176
46,19,5,1767722176
6,402,1,1767722176
100,58,2,1767722176
44,164,3,1767722176
59,329,4,1767722176
87,334,5,1767722176
94,89,1,1767722176
101,88,2,1767722176
52,352,3,1767722176
78,463,4,1767722176
80,1,5,1767722176
80,12,1,1767722176
73,243,2,1767722176
97,270,3,1767722176
59,457,4,1767722176
44,437,5,1767722176
6,118,1,1767722176
97,59,2,1767722176
24,61,3,1767722176
70,391,4,1767722176
9,119,5,1767722176
65,342,1,1767722176
77,16,2,1767722176
12,377,3,1767722176
83,61,4,1767722176
20,377,5,1767722176
12,63,1,1767722176
95,477,2,1767722176
101,30,3,1767722176
97,211,4,1767722176
59,433,5,1767722176
87,383,1,1767722176
101,97,2,1767722176
78,41,3,1767722176
29,229,4,1767722176
52,294,5,1767722176
33,462,1,1767722176
97,79,2,1767722176
104,330,3,1767722176
78,375,4,1767722176
89,268,5,1767722176
39,164,1,1767722176
66,382,2,1767722176
81,383,3,1767722176
52,74,4,1767722176
19,92,5,1767722176
76,4,1,1767722176
16,419,2,1767722176
64,230,3,1767722176
59,410,4,1767722176
13,340,5,1767722176
78,124,1,1767722176
31,180,2,1767722176
44,304,3,1767722176
76,468,4,1767722176
20,6,5,1767722176
97,478,1,1767722176
82,26,2,1767722176
48,400,3,1767722176
8,1,4,1767722176
30,236,5,1767722176
37,60,1,1767722176
83,288,2,1767722176
105,47,3,1767722176
82,450,4,1767722176
85,206,5,1767722176
24,233,1,1767722176
53,481,2,1767722176
76,404,3,1767722176
65,340,4,1767722176
14,2,5,1767722176
27,466,1,1767722176
63,430,2,1767722176
104,231,3,1767722176
34,78,4,1767722176
62,59,5,1767722176
31,116,1,1767722176
98,385,2,1767722176
38,285,3,1767722176
76,271,4,1767722176
19,1,5,1767722176
13,337,1,1767722176
38,485,2,1767722176
53,29,3,1767722176
81,153,4,1767722176
50,499,5,1767722176
14,2,1,1767722176
105,78,2,1767722176
60,340,3,1767722176
65,502,4,1767722176
97,240,5,1767722176
6,1,1,1767722176
26,500,2,1767722176
48,239,3,1767722176
47,14,4,1767722176
60,12,5,1767722176
28,52,1,1767722176
13,113,2,1767722176
92,195,3,1767722176
3,7,4,1767722176
87,376,5,1767722176
85,359,1,1767722176
27,317,2,1767722176
50,81,3,1767722176
55,358,4,1767722176
63,94,5,1767722176
49,496,1,1767722176
54,398,2,1767722176
94,303,3,1767722176
102,309,4,1767722176
106,320,5,1767722176
7,4,1,1767722176
20,140,2,1767722176
88,50,3,1767722176
60,304,4,1767722176
74,311,5,1767722176
57,422,1,1767722176
68,493,2,1767722176
16,263,3,1767722176
85,346,4,1767722176
105,224,5,1767722176
33,412,1,1767722176
82,180,2,1767722176
39,510,3,1767722176
26,172,4,1767722176
75,263,5,1767722176
97,127,1,1767722176
73,144,2,1767722176
33,155,3,1767722176
45,43,4,1767722176
4,1,5,1767722176
19,476,1,1767722176
39,30,2,1767722176
85,81,3,1767722176
60,284,4,1767722176
7,363,5,1767722176
51,338,1,1767722176
77,43,2,1767722176
50,426,3,1767722176
21,352,4,1767722176
41,65,5,1767722176
55,23,1,1767722176
86,310,2,1767722176
83,25,3,1767722176
40,153,4,1767722176
49,106,5,1767722176
99,433,1,1767722176
92,93,2,1767722176
6,2,3,1767722176
25,481,4,1767722176
42,341,5,1767722176
44,280,1,1767722176
20,34,2,1767722176
55,42,3,1767722176
63,307,4,1767722176
8,1,5,1767722176
40,316,1,1767722176
50,198,2,1767722176
74,496,3,1767722176
36,53,4,1767722176
69,259,5,1767722176
20,399,1,1767722176
61,219,2,1767722176
30,185,3,1767722176
52,230,4,1767722176
77,164,5,1767722176
28,109,1,1767722176
21,481,2,1767722176
100,483,3,1767722176
95,355,4,1767722176
32,4,5,1767722176
25,108,1,1767722176
100,63,2,1767722176
103,507,3,1767722176
84,309,4,1767722176
24,417,5,1767722176
78,487,1,1767722176
66,207,2,1767722176
22,429,3,1767722176
72,168,4,1767722176
71,169,5,1767722176
67,487,1,1767722176
100,401,2,1767722176
63,391,3,1767722176
31,192,4,1767722176
29,319,5,1767722176
94,53,1,1767722176
71,445,2,1767722176
56,16,3,1767722176
45,458,4,1767722176
82,56,5,1767722176
85,319,1,1767722176
36,498,2,1767722176
97,178,3,1767722176
101,376,4,1767722176
72,392,5,1767722176
98,420,1,1767722176
96,159,2,1767722176
14,1,3,1767722176
12,394,4,1767722176
60,484,5,1767722176
30,505,1,1767722176
102,293,2,1767722176
38,19,3,1767722176
96,437,4,1767722176
15,18,5,1767722176
59,273,1,1767722176
97,383,2,1767722176
72,481,3,1767722176
104,334,4,1767722176
16,309,5,1767722176
97,295,1,1767722176
33,435,2,1767722176
69,367,3,1767722176
89,242,4,1767722176
16,325,5,1767722176
71,246,1,1767722176
49,495,2,1767722176
22,502,3,1767722176
76,25,4,1767722176
95,137,5,1767722176
52,452,1,1767722176
65,221,2,1767722176
40,129,3,1767722176
65,305,4,1767722176
47,88,5,1767722176
105,51,1,1767722176
42,19,2,1767722176
89,109,3,1767722176
19,2,4,1767722176
17,485,5,1767722176
40,99,1,1767722176
17,310,2,1767722176
28,204,3,1767722176
66,452,4,1767722176
93,278,5,1767722176
17,301,1,1767722176
31,509,2,1767722176
87,139,3,1767722176
75,135,4,1767722176
56,448,5,1767722176
67,86,1,1767722176
91,400,2,1767722176
99,499,3,1767722176
9,1,4,1767722176
17,110,5,1767722176
87,500,1,1767722176
87,145,2,1767722176
38,452,3,1767722176
106,214,4,1767722176
46,179,5,1767722176
41,319,1,1767722176
6,208,2,1767722176
31,311,3,1767722176
17,349,4,1767722176
73,74,5,1767722176
64,78,1,1767722176
106,248,2,1767722176
25,500,3,1767722176
88,440,4,1767722176
12,390,5,1767722176
66,335,1,1767722176
85,381,2,1767722176
101,205,3,1767722176
61,151,4,1767722176
47,339,5,1767722176
98,5,1,1767722176
94,467,2,1767722176
72,300,3,1767722176
45,462,4,1767722176
64,328,5,1767722176
75,310,1,1767722176
79,480,2,1767722176
21,364,3,1767722176
34,22,4,1767722176
71,323,5,1767722176
12,191,1,1767722176
55,285,2,1767722176
6,493,3,1767722176
31,145,4,1767722176
62,60,5,1767722176
46,418,1,1767722176
51,343,2,1767722176
55,436,3,1767722176
10,2,4,1767722176
28,76,5,1767722176
63,44,1,1767722176
82,397,2,1767722176
105,366,3,1767722176
105,460,4,1767722176
25,274,5,1767722176
65,243,1,1767722176
36,509,2,1767722176
6,497,4,1767722176
10,2,5,1767722176
80,211,1,1767722176
29,83,2,1767722176
12,440,3,1767722176
13,1,4,1767722176
41,226,5,1767722176
60,367,1,1767722176
5,1,2,1767722176
78,335,3,1767722176
76,460,4,1767722176
27,418,5,1767722176
44,486,1,1767722176
82,445,2,1767722176
77,16,3,1767722176
70,405,4,1767722176
36,468,5,1767722176
105,334,1,1767722176
52,428,2,1767722176
73,367,3,1767722176
10,1,4,1767722176
19,1,5,1767722176
93,68,1,1767722176
86,285,2,1767722176
87,296,3,1767722176
83,63,4,1767722176
4,1,5,1767722176
42,296,1,1767722176
69,100,2,1767722176
53,428,3,1767722176
19,32,4,1767722176
77,291,5,1767722176
19,1,1,1767722176
41,318,2,1767722176
19,455,3,1767722176
101,378,4,1767722176
66,481,5,1767722176
54,162,1,1767722176
91,121,2,1767722176
86,423,3,1767722176
85,205,4,1767722176
64,492,5,1767722176
42,169,1,1767722176
96,11,2,1767722176
19,2,3,1767722176
81,150,4,1767722176
61,451,5,1767722176
32,386,1,1767722176
59,173,2,1767722176
17,492,3,1767722176
99,237,4,1767722176
66,113,5,1767722176
46,307,1,1767722176
13,489,2,1767722176
101,153,3,1767722176
19,1,4,1767722176
57,378,5,1767722176
93,112,1,1767722176
70,147,2,1767722176
81,463,3,1767722176
21,172,4,1767722176
102,154,1,1767722176
6,260,2,1767722176
72,273,3,1767722176
77,473,4,1767722176
21,266,5,1767722176
34,349,1,1767722176
50,263,2,1767722176
101,234,3,1767722176
34,478,4,1767722176
32,364,5,1767722176
90,307,1,1767722176
14,1,2,1767722176
78,296,3,1767722176
82,339,4,1767722176
89,15,5,1767722176
66,201,1,1767722176
28,301,2,1767722176
74,288,3,1767722176
26,466,4,1767722176
99,510,5,1767722176
50,222,1,1767722176
75,47,2,1767722176
55,247,3,1767722176
81,389,4,1767722176
104,3,5,1767722176
47,169,1,1767722176
47,267,2,1767722176
34,227,3,1767722176
104,157,4,1767722176
71,344,1,1767722176
80,403,5,1767722176
63,386,2,1767722176
19,345,4,1767722176
60,317,3,1767722176
9,135,1,1767722176
